Player,Pos,Age,Tm,G,GS,MP,FG,FGA,FG%,3P,3PA,3P%,2P,2PA,2P%,eFG%,FT,FTA,FT%,ORB,DRB,TRB,AST,STL,BLK,TOV,PF,PTS
Precious Achiuwa,C,22,TOR,20,16,26.3,3.3,8.7,.379,0.4,1.3,.280,3.0,7.5,.396,.399,1.0,1.8,.543,2.3,5.7,8.0,1.6,0.5,0.6,1.1,2.6,7.9
Steven Adams,C,28,MEM,22,22,24.3,2.4,4.8,.505,0.0,0.0,0,2.4,4.8,.505,.505,1.7,2.5,.704,3.5,4.5,8.0,2.7,0.8,0.8,1.5,1.7,6.5
Bam Adebayo,C,24,MIA,18,18,32.9,7.0,13.5,.519,0.0,0.1,.000,7.0,13.4,.521,.519,4.7,6.2,.759,2.7,7.4,10.2,3.2,1.1,0.3,2.9,3.3,18.7
Santi Aldama,PF,21,MEM,11,0,10.2,1.8,4.7,.385,0.3,2.0,.136,1.5,2.7,.567,.413,0.5,0.7,.625,1.2,1.6,2.8,1.1,0.1,0.3,0.0,0.8,4.4
LaMarcus Aldridge,C,36,BRK,21,4,23.1,5.8,10.1,.568,0.5,1.2,.385,5.3,8.9,.594,.592,1.5,1.9,.800,1.4,4.4,5.8,0.9,0.3,1.2,0.7,1.7,13.5
Nickeil Alexander-Walker,SG,23,NOP,25,18,28.8,5.1,13.8,.367,2.0,6.7,.298,3.1,7.1,.433,.439,1.5,1.9,.792,1.1,3.0,4.1,2.6,1.0,0.4,1.5,1.7,13.7
Grayson Allen,SG,26,MIL,23,23,29.0,4.7,10.3,.456,3.1,7.3,.426,1.6,3.0,.529,.608,1.3,1.4,.879,0.6,3.3,3.8,1.4,0.7,0.3,0.7,1.7,13.8
Jarrett Allen,C,23,CLE,20,20,33.3,7.0,9.9,.711,0.1,0.2,.250,7.0,9.7,.720,.713,2.9,4.4,.648,3.5,8.0,11.4,1.9,0.9,1.2,2.1,1.7,16.9
Jose Alvarado,PG,23,NOP,7,0,5.4,0.7,1.9,.385,0.3,0.7,.400,0.4,1.1,.375,.462,0.3,0.4,.667,0.3,0.4,0.7,1.3,0.4,0.0,0.0,0.4,2.0
Kyle Anderson,PF,28,MEM,21,2,21.7,3.1,7.3,.429,0.9,2.4,.360,2.3,5.0,.462,.487,0.7,0.9,.789,1.1,4.1,5.2,2.4,0.9,0.5,1.0,1.4,7.9
Giannis Antetokounmpo,PF,27,MIL,21,21,32.7,9.8,18.4,.532,1.1,4.1,.276,8.7,14.3,.607,.563,6.9,10.2,.673,1.9,10.0,11.8,6.0,1.1,1.7,3.2,2.9,27.6
Thanasis Antetokounmpo,SF,29,MIL,19,5,12.7,1.3,2.9,.455,0.0,0.3,.000,1.3,2.6,.500,.455,0.5,0.9,.588,1.0,2.1,3.1,0.8,0.5,0.2,0.6,1.7,3.2
Carmelo Anthony,PF,37,LAL,24,3,28.5,4.8,11.0,.441,2.6,6.1,.429,2.2,4.8,.457,.561,2.0,2.4,.828,0.6,3.1,3.8,0.9,0.8,0.6,0.8,2.3,14.3
Cole Anthony,PG,21,ORL,18,18,34.4,7.1,16.6,.426,2.7,7.6,.358,4.3,8.9,.484,.508,3.4,3.9,.871,0.5,6.1,6.6,6.0,1.0,0.2,2.9,2.6,20.2
OG Anunoby,SF,24,TOR,15,15,37.3,7.6,17.7,.430,2.7,7.5,.366,4.9,10.2,.477,.508,2.2,2.7,.825,1.6,3.8,5.4,2.7,1.5,0.6,1.7,2.7,20.1
D.J. Augustin,PG,34,HOU,18,0,12.3,1.2,2.8,.412,0.8,2.1,.405,0.3,0.8,.429,.559,0.8,0.8,.933,0.1,0.7,0.8,2.0,0.2,0.0,1.2,0.7,3.9
Deni Avdija,SF,21,WAS,23,0,21.7,2.4,5.5,.433,0.8,2.7,.311,1.6,2.9,.545,.508,0.9,1.4,.656,0.8,4.2,5.0,1.2,0.6,0.8,0.6,2.1,6.5
Joel Ayayi,SG,21,WAS,3,0,2.0,0.0,0.0,0,0.0,0.0,0,0.0,0.0,0,0,0.0,0.0,0,0.0,0.3,0.3,0.7,0.0,0.0,0.0,0.0,0.0
Deandre Ayton,C,23,PHO,17,17,30.6,7.4,11.9,.619,0.1,0.3,.200,7.3,11.6,.629,.621,1.7,2.8,.617,3.0,8.2,11.2,1.4,0.8,0.7,1.6,2.4,16.5
Udoka Azubuike,C,22,UTA,4,0,2.0,0.3,0.3,1.000,0.0,0.0,0,0.3,0.3,1.000,1.000,0.0,0.0,0,0.3,0.8,1.0,0.0,0.0,0.0,0.3,0.0,0.5
Marvin Bagley III,PF,22,SAC,8,0,17.5,2.3,4.8,.474,0.5,1.8,.286,1.8,3.0,.583,.526,0.9,1.5,.583,1.3,4.0,5.3,0.8,0.1,0.1,0.8,1.0,5.9
LaMelo Ball,PG,20,CHO,24,24,33.3,7.3,17.3,.418,2.9,7.5,.391,4.3,9.9,.439,.502,2.6,2.9,.900,1.5,6.2,7.7,8.3,1.9,0.4,3.3,3.1,20.0
Lonzo Ball,PG,24,CHI,23,23,34.7,4.5,10.9,.414,3.0,7.0,.429,1.5,3.9,.389,.552,0.3,0.3,.750,0.8,4.4,5.2,4.9,1.7,0.8,2.3,2.6,12.3
Mo Bamba,C,23,ORL,23,23,29.8,4.3,9.4,.461,1.4,4.1,.337,3.0,5.3,.557,.535,0.8,1.1,.720,2.3,6.8,9.1,1.8,0.9,2.2,1.4,2.8,10.9
Desmond Bane,SF,23,MEM,22,22,28.4,5.9,12.6,.466,2.5,6.4,.390,3.4,6.2,.544,.565,1.1,1.2,.889,0.5,3.5,4.0,2.0,0.8,0.4,1.5,2.5,15.3
Dalano Banton,SF,22,TOR,23,0,13.0,1.7,3.6,.488,0.2,0.7,.313,1.5,2.9,.530,.518,0.8,1.0,.750,0.7,1.7,2.4,1.5,0.4,0.2,1.1,1.4,4.5
Harrison Barnes,PF,29,SAC,19,19,35.0,5.8,12.1,.478,1.9,4.9,.398,3.8,7.2,.533,.559,5.5,6.5,.846,1.4,5.8,7.2,2.4,1.0,0.2,2.1,1.4,19.0
Scottie Barnes,PF,20,TOR,21,21,35.6,6.2,12.7,.489,0.7,1.9,.375,5.5,10.8,.509,.517,2.2,3.0,.730,3.0,5.2,8.1,3.3,1.2,0.8,2.1,2.7,15.3
RJ Barrett,SF,21,NYK,21,21,31.2,5.1,13.0,.397,1.6,5.0,.321,3.5,7.9,.446,.460,2.1,3.1,.692,0.6,5.3,5.9,2.1,0.4,0.3,1.7,2.1,14.0
Will Barton,SG,31,DEN,19,19,33.5,6.2,13.7,.452,2.5,6.4,.388,3.7,7.4,.507,.542,1.2,1.6,.710,0.6,4.7,5.3,4.2,0.9,0.4,1.8,1.2,16.1
Charles Bassey,PF,21,PHI,10,0,8.1,1.2,1.8,.667,0.0,0.3,.000,1.2,1.5,.800,.667,0.5,0.7,.714,1.0,1.9,2.9,0.2,0.1,0.7,0.3,1.1,2.9
Keita Bates-Diop,SF,26,SAS,16,4,13.8,1.3,2.9,.457,0.1,0.7,.091,1.3,2.2,.571,.467,0.4,0.5,.750,0.6,2.6,3.2,0.3,0.4,0.4,0.8,0.6,3.1
Nicolas Batum,PF,33,LAC,14,13,27.6,3.6,6.9,.521,2.3,5.2,.438,1.3,1.6,.783,.688,0.4,0.7,.500,0.5,5.0,5.5,1.5,1.1,0.8,0.8,1.2,9.8
Kent Bazemore,SF,32,LAL,17,13,20.4,1.6,4.8,.333,0.8,2.5,.302,0.8,2.2,.368,.414,0.6,0.8,.769,0.2,1.8,2.1,0.9,0.9,0.3,0.5,2.5,4.5
Darius Bazley,PF,21,OKC,22,22,27.3,3.2,9.1,.348,1.0,3.6,.275,2.2,5.5,.397,.403,1.1,1.8,.625,1.0,5.5,6.5,1.4,0.7,1.1,1.5,0.8,8.5
Bradley Beal,SG,28,WAS,20,20,35.6,8.6,20.0,.431,1.6,6.1,.262,7.0,13.9,.505,.471,3.5,4.0,.875,1.0,4.1,5.0,5.9,1.0,0.4,3.7,2.2,22.3
Malik Beasley,SG,25,MIN,23,0,25.6,3.7,10.6,.346,2.6,7.9,.326,1.1,2.7,.403,.467,0.7,1.0,.727,0.3,2.7,3.0,1.4,0.7,0.2,0.7,1.2,10.6
DeAndre' Bembry,SF,27,BRK,21,6,20.2,2.5,4.4,.570,0.3,0.9,.389,2.2,3.6,.613,.608,0.4,0.9,.474,0.8,2.5,3.3,1.1,1.0,0.4,0.7,2.2,5.8
Dāvis Bertāns,PF,29,WAS,13,0,16.6,1.7,5.5,.306,1.2,4.4,.281,0.5,1.2,.400,.417,1.1,1.2,.933,0.2,1.5,1.8,0.5,0.3,0.0,0.5,1.8,5.7
Patrick Beverley,PG,33,MIN,16,12,25.4,3.1,6.7,.458,1.2,3.5,.339,1.9,3.2,.588,.547,0.8,1.1,.706,1.4,2.9,4.4,4.5,0.9,1.0,1.2,3.1,8.1
Saddiq Bey,SF,22,DET,22,22,32.1,4.5,13.0,.351,1.8,6.2,.287,2.8,6.8,.409,.419,1.5,2.0,.744,2.0,4.1,6.1,2.5,1.0,0.2,1.4,1.7,12.3
Khem Birch,C,29,TOR,15,3,22.9,2.7,5.3,.500,0.0,0.4,.000,2.7,4.9,.541,.500,1.6,2.2,.727,3.2,2.5,5.7,1.3,1.0,0.5,0.6,1.8,6.9
Goga Bitadze,C,22,IND,16,0,8.6,0.9,3.1,.286,0.3,1.6,.160,0.6,1.5,.417,.327,0.7,1.1,.647,1.0,1.3,2.3,0.2,0.6,0.6,0.3,1.6,2.7
Nemanja Bjelica,C,33,GSW,22,0,14.4,2.2,5.0,.445,0.9,2.4,.377,1.3,2.6,.509,.536,0.9,1.1,.760,1.0,3.1,4.0,1.6,0.7,0.4,1.1,1.3,6.2
Eric Bledsoe,PG,32,LAC,23,22,27.5,3.6,8.4,.425,0.8,3.0,.279,2.7,5.4,.504,.474,1.8,2.1,.837,0.7,3.4,4.1,3.4,1.3,0.5,2.1,1.7,9.7
Keljin Blevins,SF,26,POR,2,0,4.0,0.5,1.5,.333,0.5,1.0,.500,0.0,0.5,.000,.500,0.0,0.0,0,0.0,0.5,0.5,0.0,0.0,0.0,0.5,0.0,1.5
Bogdan Bogdanović,SG,29,ATL,20,20,28.2,4.5,10.0,.447,2.2,5.5,.391,2.3,4.5,.517,.555,0.6,0.7,.786,0.4,3.2,3.6,2.5,0.7,0.2,0.9,1.9,11.6
Bojan Bogdanović,PF,32,UTA,22,22,30.1,5.6,12.1,.462,2.5,6.0,.406,3.1,6.0,.519,.564,3.2,3.5,.922,0.8,3.3,4.0,1.9,0.5,0.0,1.5,1.3,16.9
Bol Bol,PF,22,DEN,10,0,4.7,0.7,1.5,.467,0.0,0.3,.000,0.7,1.2,.583,.467,0.1,0.3,.333,0.2,1.2,1.4,0.2,0.1,0.2,0.0,0.3,1.5
Leandro Bolmaro,SF,21,MIN,12,0,8.5,0.6,1.5,.389,0.1,0.5,.167,0.5,1.0,.500,.417,0.5,0.6,.857,0.8,1.3,2.0,0.5,0.1,0.0,0.6,1.0,1.8
Isaac Bonga,SF,22,TOR,7,0,4.9,0.1,0.9,.167,0.0,0.3,.000,0.1,0.6,.250,.167,0.1,0.3,.500,0.1,0.3,0.4,0.3,0.6,0.1,0.1,0.6,0.4
Devin Booker,SG,25,PHO,21,21,32.2,8.6,18.7,.458,2.4,5.9,.403,6.2,12.8,.483,.522,3.7,4.3,.857,0.9,4.0,4.9,4.5,0.9,0.2,2.7,2.3,23.2
Brandon Boston Jr.,SG,20,LAC,10,0,8.8,1.2,3.3,.364,0.3,1.0,.300,0.9,2.3,.391,.409,0.8,0.9,.889,0.1,0.9,1.0,0.4,0.5,0.3,0.5,0.5,3.5
Chris Boucher,PF,29,TOR,21,0,13.5,2.2,5.9,.379,0.5,2.5,.189,1.8,3.4,.521,.419,1.0,1.4,.690,1.4,2.5,3.9,0.3,0.5,0.8,0.6,1.3,5.9
James Bouknight,SG,21,CHO,7,0,1.7,0.0,0.9,.000,0.0,0.1,.000,0.0,0.7,.000,.000,0.3,0.3,1.000,0.1,0.1,0.3,0.3,0.0,0.0,0.0,0.1,0.3
Avery Bradley,SG,31,LAL,21,16,22.2,1.9,5.0,.381,1.0,3.0,.349,0.9,2.0,.429,.486,0.1,0.1,1.000,0.5,2.0,2.5,0.9,0.6,0.2,0.6,1.4,5.0
Tony Bradley,C,24,CHI,17,7,13.1,1.7,3.1,.558,0.0,0.0,0,1.7,3.1,.558,.558,0.2,0.3,.800,1.5,2.7,4.2,0.4,0.1,0.6,0.7,1.5,3.6
Ignas Brazdeikis,SF,23,ORL,11,0,8.4,0.6,2.5,.259,0.3,1.5,.188,0.4,1.0,.364,.315,0.1,0.2,.500,0.5,1.1,1.5,0.5,0.3,0.0,0.3,1.0,1.6
Mikal Bridges,SF,25,PHO,23,23,34.6,5.0,9.3,.540,1.3,3.2,.405,3.7,6.1,.610,.609,1.0,1.2,.852,0.7,3.1,3.8,1.8,1.5,0.6,0.8,2.2,12.4
Miles Bridges,PF,23,CHO,24,24,36.2,7.4,16.2,.456,2.2,6.7,.323,5.2,9.5,.551,.523,3.0,3.9,.755,1.3,6.1,7.5,3.1,1.2,1.0,1.8,2.7,19.9
Oshae Brissett,SF,23,IND,14,0,12.3,1.6,3.6,.431,0.6,1.8,.360,0.9,1.9,.500,.520,0.1,0.6,.222,0.5,1.8,2.3,0.4,0.3,0.2,0.7,1.0,3.9
Malcolm Brogdon,PG,29,IND,20,20,35.5,7.4,16.3,.452,2.0,6.2,.315,5.4,10.1,.537,.512,4.0,4.6,.870,1.0,4.8,5.8,6.1,0.9,0.6,2.4,2.1,20.7
Armoni Brooks,SG,23,HOU,18,0,12.5,1.8,4.8,.379,1.4,4.1,.356,0.4,0.8,.500,.529,0.4,0.4,.875,0.3,1.1,1.4,0.7,0.6,0.2,0.2,1.3,5.5
Dillon Brooks,SF,26,MEM,9,8,24.6,6.3,15.3,.413,1.6,5.0,.311,4.8,10.3,.462,.464,3.3,3.7,.909,0.8,2.6,3.3,2.2,1.4,0.2,2.2,3.3,17.6
Bruce Brown,SF,25,BRK,19,14,22.9,3.0,6.3,.475,0.4,1.2,.318,2.6,5.2,.510,.504,0.5,0.6,.750,1.0,2.8,3.8,1.1,1.3,0.5,0.6,2.3,6.8
Greg Brown III,SF,20,POR,10,0,4.5,0.7,2.0,.350,0.0,0.4,.000,0.7,1.6,.438,.350,0.2,0.7,.286,0.5,0.9,1.4,0.5,0.2,0.4,0.2,0.6,1.6
Jaylen Brown,SF,25,BOS,13,13,32.8,7.8,16.8,.463,2.4,6.5,.365,5.4,10.2,.526,.534,3.5,4.5,.763,0.5,4.8,5.2,2.2,1.1,0.5,2.4,2.7,21.4
Moses Brown,C,22,DAL,9,1,3.8,0.6,0.7,.833,0.0,0.0,0,0.6,0.7,.833,.833,0.6,1.1,.500,0.2,0.8,1.0,0.0,0.1,0.2,0.4,0.8,1.7
Sterling Brown,SG,26,DAL,19,0,12.7,1.1,3.1,.356,0.6,2.1,.282,0.5,1.1,.500,.449,0.2,0.2,1.000,0.7,2.6,3.3,0.7,0.4,0.1,0.7,1.2,3.0
Troy Brown Jr.,SF,22,CHI,14,0,9.5,1.4,3.1,.455,0.6,1.5,.381,0.9,1.6,.522,.545,0.1,0.3,.500,0.3,1.4,1.6,0.4,0.2,0.0,0.3,0.7,3.6
Jalen Brunson,PG,25,DAL,20,5,28.8,5.8,11.5,.504,1.1,3.2,.349,4.7,8.4,.563,.552,2.0,2.5,.800,0.5,3.5,4.0,4.8,0.8,0.1,1.5,1.9,14.7
Reggie Bullock,SF,30,DAL,20,4,23.0,2.1,5.8,.353,1.2,4.2,.286,0.9,1.6,.531,.457,0.3,0.4,.625,0.2,2.6,2.8,0.7,0.3,0.1,0.6,1.6,5.6
Trey Burke,PG,29,DAL,12,0,10.7,2.3,4.9,.475,0.7,1.6,.421,1.7,3.3,.500,.542,0.8,0.9,.909,0.0,0.8,0.8,1.4,0.4,0.0,0.9,0.5,6.2
Alec Burks,SG,30,NYK,22,3,24.0,3.5,8.5,.419,2.1,4.8,.434,1.5,3.6,.400,.543,2.2,2.7,.814,0.4,3.6,4.0,2.0,1.2,0.3,0.8,2.1,11.4
Jared Butler,SG,21,UTA,14,0,4.6,0.6,2.0,.286,0.3,1.1,.250,0.3,0.9,.333,.357,0.3,0.5,.571,0.0,0.5,0.5,0.5,0.1,0.4,0.5,0.9,1.7
Jimmy Butler,SF,32,MIA,17,17,34.2,7.9,15.3,.519,0.4,1.8,.200,7.6,13.5,.561,.531,7.4,8.6,.850,1.6,4.2,5.8,5.3,2.1,0.3,1.9,1.7,23.6
Devontae Cacok,PF,25,SAS,1,0,2.0,1.0,1.0,1.000,0.0,0.0,0,1.0,1.0,1.000,1.000,0.0,0.0,0,1.0,1.0,2.0,1.0,0.0,0.0,0.0,0.0,2.0
Kentavious Caldwell-Pope,SG,28,WAS,23,23,29.0,3.8,9.1,.421,2.0,5.3,.377,1.8,3.8,.483,.531,1.2,1.4,.875,0.6,3.0,3.7,1.6,1.3,0.3,1.1,1.8,10.9
Facundo Campazzo,PG,30,DEN,20,0,18.3,1.9,4.4,.432,1.1,2.9,.386,0.8,1.6,.516,.557,0.9,1.1,.810,0.4,1.4,1.8,2.3,1.0,0.3,1.1,1.9,5.8
Vlatko Čančar,PF,24,DEN,3,0,7.7,1.0,1.7,.600,0.7,0.7,1.000,0.3,1.0,.333,.800,1.0,1.3,.750,0.3,0.0,0.3,1.3,0.3,0.0,0.7,1.0,3.7
Clint Capela,C,27,ATL,23,23,29.8,5.2,9.1,.574,0.0,0.0,.000,5.2,9.0,.577,.574,1.2,2.4,.509,4.0,8.5,12.5,1.3,0.9,1.4,0.6,2.5,11.7
Vernon Carey Jr.,C,20,CHO,1,0,1.0,0.0,1.0,.000,0.0,0.0,0,0.0,1.0,.000,.000,0.0,0.0,0,0.0,1.0,1.0,0.0,0.0,0.0,0.0,0.0,0.0
Jevon Carter,PG,26,BRK,22,1,13.1,1.0,3.4,.284,0.8,2.6,.310,0.1,0.7,.188,.405,0.1,0.2,.750,0.2,1.4,1.6,1.1,0.4,0.3,0.3,1.3,2.9
Wendell Carter Jr.,C,22,ORL,24,24,28.8,5.2,10.0,.517,1.4,3.9,.351,3.8,6.1,.623,.585,1.4,2.0,.694,2.2,7.6,9.8,2.2,0.7,0.7,1.3,2.6,13.1
Alex Caruso,PG,27,CHI,22,5,29.5,2.9,6.5,.441,1.0,3.0,.323,1.9,3.5,.538,.514,1.9,2.2,.857,1.0,2.9,3.9,4.3,2.3,0.4,1.5,2.8,8.6
Willie Cauley-Stein,C,28,DAL,18,2,9.8,0.9,1.9,.457,0.1,0.1,.500,0.8,1.8,.455,.471,0.1,0.1,.500,0.7,1.4,2.1,0.5,0.3,0.2,0.4,0.9,1.9
Justin Champagnie,SF,20,TOR,9,0,4.0,0.2,0.9,.250,0.0,0.1,.000,0.2,0.8,.286,.250,0.4,0.4,1.000,0.7,0.4,1.1,0.1,0.0,0.1,0.0,0.7,0.9
Chris Chiozza,PG,26,GSW,10,0,11.0,1.0,2.9,.345,0.8,2.1,.381,0.2,0.8,.250,.483,0.1,0.1,1.000,0.5,0.8,1.3,1.5,0.5,0.0,0.8,1.4,2.9
Josh Christopher,SG,20,HOU,14,0,7.7,1.1,3.0,.381,0.3,0.7,.400,0.9,2.3,.375,.429,0.5,0.6,.778,0.3,0.8,1.1,0.9,0.4,0.0,0.7,0.6,3.1
Brandon Clarke,PF,25,MEM,19,0,16.0,3.4,5.5,.610,0.1,0.6,.091,3.3,4.9,.670,.614,0.9,1.4,.667,1.7,2.6,4.4,1.4,0.4,0.9,0.4,1.7,7.7
Jordan Clarkson,SG,29,UTA,22,0,24.9,5.4,14.2,.377,2.7,8.9,.301,2.7,5.3,.504,.471,1.7,2.1,.826,0.7,2.4,3.1,2.1,0.7,0.2,1.3,1.6,15.1
Nicolas Claxton,C,22,BRK,5,3,15.8,2.2,4.0,.550,0.0,0.0,0,2.2,4.0,.550,.550,0.8,1.8,.444,0.6,3.8,4.4,0.6,0.0,0.8,0.8,1.6,5.2
Amir Coffey,SG,24,LAC,16,3,12.9,0.9,2.5,.350,0.6,1.9,.333,0.3,0.6,.400,.475,1.1,1.2,.895,0.2,1.4,1.6,0.7,0.1,0.1,0.3,0.8,3.4
John Collins,PF,24,ATL,23,23,32.2,6.4,11.1,.574,1.1,2.8,.400,5.3,8.3,.634,.625,2.6,3.4,.769,1.7,6.1,7.7,2.1,0.8,1.4,1.1,2.8,16.5
Mike Conley,PG,34,UTA,20,20,28.4,5.2,10.1,.512,2.7,5.8,.470,2.5,4.3,.570,.647,1.4,1.7,.848,0.3,1.7,2.0,5.4,1.1,0.3,1.8,2.1,14.4
Pat Connaughton,SG,29,MIL,23,9,28.8,4.3,8.8,.490,2.6,6.3,.410,1.7,2.5,.690,.636,0.7,1.0,.727,0.8,4.1,4.9,1.5,1.0,0.3,0.9,1.5,11.9
Tyler Cook,PF,24,CHI,1,0,12.0,2.0,3.0,.667,0.0,0.0,0,2.0,3.0,.667,.667,2.0,2.0,1.000,0.0,2.0,2.0,2.0,0.0,0.0,1.0,1.0,6.0
Sharife Cooper,PG,20,ATL,5,0,2.2,0.2,0.8,.250,0.0,0.4,.000,0.2,0.4,.500,.250,0.0,0.0,0,0.0,0.0,0.0,0.8,0.0,0.0,0.2,0.0,0.4
Petr Cornelie,PF,26,DEN,5,0,4.2,0.4,1.4,.286,0.0,0.8,.000,0.4,0.6,.667,.286,0.0,0.0,0,1.0,0.6,1.6,0.6,0.0,0.0,0.4,0.6,0.8
DeMarcus Cousins,C-F,31,MIL,1,0,15.0,3.0,5.0,.600,1.0,2.0,.500,2.0,3.0,.667,.700,0.0,0.0,0,1.0,3.0,4.0,1.0,1.0,0.0,0.0,1.0,7.0
Robert Covington,PF,31,POR,23,23,26.5,2.4,5.9,.412,1.7,4.5,.375,0.7,1.4,.531,.555,0.1,0.1,1.000,0.5,4.0,4.5,1.2,1.0,1.0,1.0,2.1,6.7
Torrey Craig,SF,31,IND,25,1,15.7,2.1,4.2,.491,0.6,2.0,.275,1.5,2.2,.691,.557,0.7,0.9,.773,1.2,2.1,3.3,0.9,0.4,0.3,0.6,1.6,5.4
Jae Crowder,PF,31,PHO,23,23,27.8,3.0,7.8,.378,1.8,5.3,.333,1.2,2.5,.474,.492,1.1,1.4,.788,0.4,4.3,4.7,1.4,1.3,0.4,0.8,2.2,8.8
Jarrett Culver,SG,22,MEM,7,0,9.1,1.9,3.6,.520,0.4,1.3,.333,1.4,2.3,.625,.580,0.6,1.1,.500,0.3,1.3,1.6,1.6,0.4,0.0,0.3,0.1,4.7
Cade Cunningham,PG,20,DET,17,17,31.4,5.2,14.1,.371,2.1,7.2,.287,3.2,6.9,.458,.444,1.6,1.9,.844,1.0,5.3,6.3,4.6,1.2,0.6,3.7,2.5,14.1
Seth Curry,SG,31,PHI,21,21,34.0,6.0,11.6,.512,2.2,5.2,.427,3.7,6.4,.582,.609,2.2,2.4,.902,0.4,2.4,2.8,2.7,0.9,0.1,1.6,2.4,16.3
Stephen Curry,PG,33,GSW,21,21,34.2,9.1,20.2,.449,5.4,13.0,.418,3.7,7.2,.507,.584,4.0,4.2,.933,0.6,5.0,5.6,6.5,1.7,0.5,3.2,1.8,27.6
Anthony Davis,C,28,LAL,23,23,35.7,9.7,18.5,.523,0.4,2.1,.188,9.3,16.4,.566,.534,4.6,6.4,.721,3.0,7.0,10.0,3.1,1.3,2.2,2.0,2.3,24.4
Ed Davis,C,32,CLE,9,2,8.6,0.8,1.1,.700,0.0,0.0,0,0.8,1.1,.700,.700,0.1,0.2,.500,0.4,2.8,3.2,0.1,0.2,0.4,0.3,1.0,1.7
Terence Davis,SG,24,SAC,15,4,15.4,2.7,7.4,.369,1.1,4.4,.258,1.6,3.0,.533,.446,0.5,0.7,.636,0.2,2.1,2.3,0.8,0.7,0.3,1.1,2.0,7.1
Gabriel Deck,PF,26,OKC,6,0,7.5,1.0,2.0,.500,0.2,0.5,.333,0.8,1.5,.556,.542,0.0,0.0,0,0.2,0.7,0.8,0.5,0.2,0.0,0.3,0.3,2.2
Dewayne Dedmon,C,32,MIA,23,5,15.1,2.1,3.8,.552,0.2,0.4,.556,1.9,3.4,.551,.580,1.2,1.6,.778,1.7,3.6,5.3,0.6,0.4,0.4,0.8,2.0,5.6
Sam Dekker,PF,27,TOR,1,0,1.0,0.0,0.0,0,0.0,0.0,0,0.0,0.0,0,0,0.0,0.0,0,0.0,0.0,0.0,0.0,0.0,0.0,0.0,0.0,0.0
DeMar DeRozan,SF,32,CHI,23,23,35.1,9.3,18.8,.495,0.8,2.5,.328,8.5,16.3,.521,.517,6.8,7.6,.897,0.7,4.6,5.3,4.1,1.0,0.4,2.0,2.3,26.3
Hamidou Diallo,SG,23,DET,16,1,14.6,2.5,4.8,.519,0.3,0.9,.267,2.3,3.9,.581,.545,0.9,1.1,.778,0.9,1.9,2.8,0.7,0.7,0.4,0.7,1.7,6.1
Gorgui Dieng,C,32,ATL,20,0,8.2,0.8,2.1,.390,0.2,0.9,.235,0.6,1.2,.500,.439,0.5,0.7,.643,1.0,2.4,3.4,0.7,0.3,0.3,0.6,1.2,2.3
Spencer Dinwiddie,PG,28,WAS,20,20,29.6,4.7,11.8,.400,2.0,5.6,.348,2.8,6.2,.447,.483,2.3,2.6,.885,0.7,4.3,5.0,5.4,0.3,0.2,1.6,2.1,13.7
Luka Dončić,PG,22,DAL,18,18,34.7,9.4,21.2,.445,2.7,8.1,.329,6.8,13.1,.517,.508,3.8,5.7,.676,0.8,7.3,8.1,8.5,1.1,0.6,4.6,2.4,25.4
Luguentz Dort,SF,22,OKC,21,21,32.4,5.8,13.4,.431,2.3,7.2,.325,3.4,6.2,.554,.518,3.0,3.5,.849,0.7,3.3,4.0,2.0,0.9,0.3,1.7,2.8,16.8
Ayo Dosunmu,SG,22,CHI,22,0,15.8,2.3,4.9,.467,0.7,1.7,.421,1.5,3.1,.493,.542,0.3,0.5,.636,0.5,1.5,2.0,0.8,0.4,0.1,0.7,1.4,5.6
Devon Dotson,PG,22,CHI,2,0,6.5,0.5,1.5,.333,0.0,1.0,.000,0.5,0.5,1.000,.333,0.0,0.0,0,0.0,2.5,2.5,1.5,0.0,0.0,0.5,1.0,1.0
Sekou Doumbouya,PF,21,LAL,2,0,8.0,2.5,4.0,.625,0.5,1.0,.500,2.0,3.0,.667,.688,1.5,2.0,.750,1.0,2.0,3.0,0.0,1.5,1.0,1.0,0.5,7.0
Jeff Dowtin,PG,24,GSW,2,0,3.0,0.0,0.5,.000,0.0,0.0,0,0.0,0.5,.000,.000,0.0,0.0,0,0.0,1.0,1.0,0.0,0.0,0.0,0.0,0.5,0.0
PJ Dozier,SG,25,DEN,18,0,18.9,2.0,5.5,.364,0.8,2.7,.313,1.2,2.8,.412,.439,0.6,0.7,.769,0.8,2.7,3.5,1.6,0.6,0.3,0.7,1.8,5.4
Goran Dragić,PG,35,TOR,5,2,18.0,2.6,6.8,.382,0.8,2.8,.286,1.8,4.0,.450,.441,2.0,2.0,1.000,0.4,2.4,2.8,1.8,1.0,0.2,0.2,1.6,8.0
Andre Drummond,C,28,PHI,22,10,21.4,2.6,5.5,.479,0.0,0.0,.000,2.6,5.5,.483,.479,1.2,2.1,.553,3.4,7.2,10.5,2.0,1.0,1.1,1.8,2.6,6.5
Chris Duarte,SG,24,IND,23,17,29.8,5.2,12.5,.417,1.9,5.5,.349,3.3,7.0,.469,.493,0.8,1.2,.667,0.4,3.6,4.0,2.0,1.0,0.1,1.8,1.9,13.1
Kevin Durant,PF,33,BRK,21,21,35.9,10.3,19.1,.537,1.8,4.6,.385,8.5,14.6,.585,.583,6.3,7.2,.868,0.5,7.1,7.6,5.6,0.7,0.6,3.1,1.5,28.6
Anthony Edwards,SG,20,MIN,23,23,36.4,8.1,19.0,.428,3.0,8.7,.342,5.2,10.3,.500,.506,2.8,3.6,.780,1.4,4.9,6.3,3.6,1.6,0.7,3.4,2.3,22.0
Kessler Edwards,F,21,BRK,2,0,6.0,1.5,3.0,.500,1.0,2.0,.500,0.5,1.0,.500,.667,0.0,0.0,0,0.5,1.0,1.5,0.0,0.0,0.0,0.5,0.0,4.0
CJ Elleby,SF,21,POR,11,0,4.9,0.5,1.5,.353,0.2,0.8,.222,0.4,0.7,.500,.412,0.0,0.0,0,0.1,1.2,1.3,0.3,0.0,0.0,0.4,0.6,1.3
Wayne Ellington,SG,34,LAL,16,2,20.8,2.2,5.4,.402,2.0,5.1,.395,0.2,0.4,.500,.586,0.3,0.3,1.000,0.2,1.3,1.5,0.7,0.4,0.1,0.4,0.9,6.6
Joel Embiid,C,27,PHI,13,13,32.5,6.8,16.7,.410,1.4,3.5,.400,5.5,13.2,.413,.452,7.4,9.7,.762,2.1,8.9,11.0,4.2,0.9,1.7,2.8,2.5,22.5
Drew Eubanks,C,24,SAS,20,8,14.7,2.1,4.0,.513,0.0,0.2,.000,2.1,3.8,.539,.513,1.7,2.1,.786,1.2,3.3,4.5,1.5,0.4,0.9,1.3,1.6,5.8
Tacko Fall,C,26,CLE,7,0,2.7,0.1,0.3,.500,0.0,0.0,0,0.1,0.3,.500,.500,0.1,0.6,.250,0.1,0.6,0.7,0.0,0.0,0.1,0.1,0.0,0.4
Derrick Favors,C,30,OKC,16,8,16.7,2.6,5.3,.488,0.1,0.5,.250,2.4,4.8,.513,.500,0.5,0.9,.571,1.5,3.5,5.0,0.4,0.5,0.1,0.3,1.3,5.8
Bruno Fernando,C,23,BOS,7,0,1.9,0.0,0.0,0,0.0,0.0,0,0.0,0.0,0,0,0.0,0.0,0,0.0,0.1,0.1,0.1,0.0,0.1,0.3,0.3,0.0
Dorian Finney-Smith,PF,28,DAL,21,21,30.9,3.3,7.6,.431,1.7,4.8,.356,1.6,2.8,.559,.544,0.6,1.1,.565,1.7,2.6,4.3,1.4,1.4,0.5,0.9,2.1,8.9
Malik Fitts,PF,24,UTA,3,0,2.3,0.0,0.0,0,0.0,0.0,0,0.0,0.0,0,0,0.0,0.0,0,0.0,0.7,0.7,0.0,0.0,0.0,0.0,0.0,0.0
Malachi Flynn,PG,23,TOR,16,0,8.6,1.1,3.1,.340,0.4,1.5,.250,0.7,1.6,.423,.400,0.2,0.3,.600,0.3,1.0,1.3,0.9,0.5,0.1,0.3,0.9,2.7
Bryn Forbes,SG,28,SAS,20,0,13.7,2.5,5.2,.481,1.2,2.8,.418,1.4,2.5,.551,.591,0.4,0.5,.778,0.1,1.1,1.2,0.6,0.4,0.1,0.9,0.8,6.5
Trent Forrest,PG,23,UTA,16,0,7.6,0.6,0.9,.600,0.0,0.1,.000,0.6,0.8,.692,.600,0.4,0.5,.875,0.3,0.9,1.1,0.6,0.3,0.0,0.6,0.6,1.6
Evan Fournier,SG,29,NYK,22,22,28.5,4.8,11.5,.415,2.6,6.7,.395,2.1,4.8,.443,.530,1.0,1.4,.767,0.5,2.3,2.8,1.6,1.0,0.2,1.3,1.6,13.2
De'Aaron Fox,PG,24,SAC,23,23,34.8,7.5,17.3,.432,1.2,4.3,.273,6.3,13.0,.485,.466,4.1,5.5,.748,0.6,3.0,3.5,5.5,1.3,0.5,3.0,2.8,20.3
Enes Freedom,C,29,BOS,12,0,11.9,1.5,3.7,.409,0.1,0.3,.333,1.4,3.4,.415,.420,1.2,1.3,.875,2.1,3.3,5.4,0.2,0.2,0.5,0.7,1.3,4.3
Daniel Gafford,C,23,WAS,20,20,21.2,3.9,5.9,.667,0.0,0.0,0,3.9,5.9,.667,.667,1.3,1.8,.694,2.0,3.9,5.9,1.1,0.6,2.0,1.1,2.5,9.1
Danilo Gallinari,PF,33,ATL,20,0,21.1,2.7,7.0,.381,1.4,3.6,.375,1.3,3.4,.388,.478,1.8,2.0,.923,0.6,3.4,4.0,1.3,0.5,0.2,0.5,1.2,8.5
Darius Garland,PG,22,CLE,21,21,34.6,7.2,15.4,.467,2.7,7.0,.378,4.5,8.3,.543,.554,2.1,2.4,.863,0.4,2.4,2.9,7.3,1.1,0.0,4.0,1.9,19.1
Marcus Garrett,SG,23,MIA,4,0,2.5,0.0,0.3,.000,0.0,0.0,0,0.0,0.3,.000,.000,0.0,0.0,0,0.0,0.3,0.3,0.5,0.0,0.0,0.0,0.3,0.0
Usman Garuba,PF,19,HOU,7,0,6.4,0.7,2.0,.357,0.3,1.1,.250,0.4,0.9,.500,.429,0.0,0.0,0,0.9,1.7,2.6,0.9,0.3,0.6,0.3,0.6,1.7
Luka Garza,C,23,DET,13,2,10.5,1.3,3.0,.436,0.4,1.2,.333,0.9,1.8,.500,.500,0.8,1.1,.786,0.8,1.2,2.1,0.5,0.5,0.1,0.4,1.7,3.8
Rudy Gay,PF,35,UTA,8,0,18.6,3.5,7.1,.491,2.4,4.9,.487,1.1,2.3,.500,.658,0.9,1.3,.700,0.4,4.4,4.8,1.4,0.1,0.3,0.9,1.5,10.3
Paul George,SF,31,LAC,22,22,35.7,9.4,21.9,.427,2.8,8.7,.319,6.6,13.2,.498,.491,4.1,4.6,.891,0.5,6.9,7.3,5.3,1.8,0.4,4.2,2.5,25.6
Taj Gibson,C,36,NYK,11,0,18.6,1.4,2.8,.484,0.0,0.3,.000,1.4,2.5,.536,.484,0.6,0.8,.778,1.9,2.8,4.7,0.7,0.4,1.3,1.0,3.3,3.4
Josh Giddey,SG,19,OKC,20,20,29.4,4.3,11.0,.391,0.9,3.5,.257,3.4,7.5,.453,.432,0.9,1.3,.654,1.6,5.6,7.2,5.8,1.0,0.7,2.8,1.8,10.4
Shai Gilgeous-Alexander,PG,23,OKC,19,19,34.9,7.4,17.9,.411,2.1,6.8,.300,5.3,11.1,.479,.468,4.4,5.6,.785,0.6,4.5,5.1,4.5,1.1,0.6,2.4,2.1,21.2
Anthony Gill,PF,29,WAS,7,0,5.4,0.9,1.3,.667,0.4,0.4,1.000,0.4,0.9,.500,.833,0.3,0.3,1.000,0.6,0.9,1.4,0.1,0.0,0.3,0.1,0.4,2.4
Rudy Gobert,C,29,UTA,22,22,31.6,5.4,7.3,.739,0.0,0.0,.000,5.4,7.3,.744,.739,4.5,6.6,.676,2.9,11.5,14.4,0.9,1.0,2.1,2.0,2.7,15.3
Aaron Gordon,PF,26,DEN,21,21,32.0,5.4,10.4,.521,1.0,2.9,.344,4.4,7.5,.589,.568,2.2,3.0,.742,1.9,4.3,6.1,2.3,0.5,0.8,1.5,2.0,14.0
Eric Gordon,SG,33,HOU,19,8,29.5,4.9,10.5,.465,2.3,5.2,.434,2.6,5.3,.495,.573,1.5,2.3,.674,0.2,1.8,2.0,2.6,0.6,0.6,2.4,1.0,13.6
Devonte' Graham,PG,26,NOP,22,22,30.8,4.7,12.4,.382,2.7,7.8,.351,2.0,4.6,.436,.493,1.7,2.2,.792,0.6,1.8,2.4,4.5,1.2,0.2,1.9,1.5,13.9
Jerami Grant,PF,27,DET,21,21,33.0,6.6,16.0,.411,1.8,5.5,.330,4.8,10.5,.452,.467,5.2,6.2,.838,1.0,3.8,4.8,2.5,1.2,1.0,2.0,2.2,20.1
Danny Green,SF,34,PHI,16,13,23.8,2.8,5.9,.463,2.1,4.9,.418,0.7,1.0,.688,.637,0.3,0.3,1.000,0.7,1.7,2.4,1.0,1.6,0.7,0.9,2.1,7.8
Draymond Green,PF,31,GSW,21,21,30.1,3.3,5.9,.556,0.3,1.0,.350,3.0,5.0,.596,.585,1.3,2.1,.600,1.2,6.8,8.0,7.7,1.3,1.0,3.1,2.7,8.2
Jalen Green,SG,19,HOU,18,18,30.8,4.8,12.7,.382,1.8,6.4,.278,3.1,6.3,.487,.452,2.6,3.2,.807,0.4,2.7,3.1,2.3,0.6,0.2,2.7,1.6,14.0
JaMychal Green,PF,31,DEN,20,4,14.8,2.2,5.0,.430,0.5,2.2,.205,1.7,2.8,.607,.475,0.7,0.9,.778,1.0,2.5,3.5,0.8,0.9,0.4,1.3,2.4,5.5
Javonte Green,SG,28,CHI,23,12,20.6,2.1,4.2,.495,0.4,1.1,.385,1.7,3.1,.535,.546,0.8,1.0,.750,1.5,2.7,4.3,0.7,0.8,0.3,0.7,2.0,5.4
Jeff Green,C,35,DEN,21,12,23.9,3.3,7.1,.463,0.8,2.6,.309,2.5,4.5,.553,.520,2.2,2.8,.793,0.4,2.2,2.6,1.1,0.2,0.4,0.9,1.9,9.6
Josh Green,SG,21,DAL,11,0,4.9,0.6,1.3,.500,0.0,0.2,.000,0.6,1.1,.583,.500,0.0,0.2,.000,0.4,0.6,1.0,0.4,0.2,0.1,0.2,0.5,1.3
Blake Griffin,PF,32,BRK,17,17,21.7,2.0,6.3,.318,0.5,3.3,.161,1.5,3.0,.490,.360,0.9,1.4,.696,1.2,3.7,4.9,2.0,0.5,0.6,0.5,2.3,5.5
Quentin Grimes,SG,21,NYK,10,0,6.3,0.5,1.5,.333,0.5,1.3,.385,0.0,0.2,.000,.500,0.0,0.0,0,0.2,0.6,0.8,0.1,0.0,0.0,0.3,0.5,1.5
Tyrese Haliburton,SG,21,SAC,21,21,33.2,4.5,10.5,.427,1.5,4.2,.364,3.0,6.3,.470,.500,1.0,1.3,.750,1.0,2.7,3.7,5.5,1.8,0.7,1.8,1.1,11.5
R.J. Hampton,SG,20,ORL,24,0,18.5,2.6,6.4,.405,1.0,2.6,.397,1.5,3.8,.411,.487,1.1,2.0,.563,0.3,2.8,3.1,2.4,0.5,0.2,1.5,1.4,7.3
Tim Hardaway Jr.,SG,29,DAL,21,19,32.2,5.0,12.9,.385,2.4,7.0,.345,2.5,5.8,.434,.480,1.7,2.3,.729,0.3,3.4,3.7,2.4,1.0,0.1,0.5,2.0,14.0
James Harden,PG,32,BRK,22,22,35.5,5.9,14.3,.414,2.6,7.4,.352,3.3,6.9,.480,.505,6.5,7.3,.888,1.0,6.9,7.9,9.3,1.5,0.7,5.0,2.5,20.9
Maurice Harkless,SF,28,SAC,16,14,20.4,1.6,4.1,.385,0.6,2.5,.225,1.0,1.6,.640,.454,0.5,0.7,.727,0.2,2.6,2.8,0.6,0.5,0.5,0.4,1.6,4.2
Montrezl Harrell,C,28,WAS,23,3,26.5,6.1,9.3,.654,0.1,0.3,.250,6.0,9.0,.670,.659,4.0,5.2,.765,2.6,5.5,8.1,2.3,0.5,0.7,1.3,2.0,16.2
Gary Harris,SG,27,ORL,18,8,25.2,2.8,7.2,.395,0.8,3.2,.259,2.0,3.9,.507,.453,0.5,0.7,.750,0.8,1.3,2.1,1.7,0.7,0.1,1.0,1.8,7.0
Joe Harris,SF,30,BRK,14,14,30.2,4.0,8.9,.452,2.9,6.3,.466,1.1,2.6,.417,.617,0.4,0.4,.833,0.4,3.6,4.0,1.0,0.5,0.1,1.1,2.2,11.3
Tobias Harris,PF,29,PHI,14,14,34.1,7.8,16.4,.476,1.2,4.1,.298,6.6,12.3,.535,.513,2.4,2.9,.829,1.0,7.2,8.2,3.7,0.4,0.5,1.7,1.4,19.2
Josh Hart,PF,26,NOP,19,18,30.1,4.1,8.4,.488,0.8,2.4,.326,3.3,6.0,.553,.534,2.1,2.4,.848,1.0,5.3,6.3,3.8,0.9,0.4,1.4,2.8,11.1
Isaiah Hartenstein,C,23,LAC,22,0,15.8,3.2,4.9,.648,0.1,0.1,.667,3.1,4.8,.648,.657,1.1,1.8,.615,2.0,3.0,4.9,1.6,0.8,1.1,1.0,2.4,7.5
Udonis Haslem,C,41,MIA,5,0,4.6,0.6,1.2,.500,0.0,0.2,.000,0.6,1.0,.600,.500,0.0,0.0,0,0.2,1.0,1.2,0.2,0.0,0.2,0.0,1.0,1.2
Sam Hauser,F,24,BOS,2,0,2.5,0.0,1.0,.000,0.0,1.0,.000,0.0,0.0,0,.000,0.0,0.0,0,0.0,0.5,0.5,0.0,0.5,0.0,0.0,0.5,0.0
Jaxson Hayes,C,21,NOP,19,0,12.2,2.1,4.1,.519,0.2,0.6,.364,1.9,3.5,.545,.545,1.5,1.9,.757,1.3,2.0,3.3,0.3,0.3,0.6,0.6,1.6,5.9
Killian Hayes,PG,20,DET,17,17,25.9,2.2,6.5,.336,1.0,2.8,.362,1.2,3.7,.317,.414,0.9,0.9,.938,0.7,3.1,3.8,3.6,1.3,0.4,1.6,2.7,6.2
Gordon Hayward,SF,31,CHO,24,24,33.8,6.1,13.2,.462,1.8,4.4,.406,4.3,8.8,.490,.530,3.3,3.9,.849,0.9,4.0,4.9,3.5,0.9,0.6,1.9,1.8,17.3
Aaron Henry,SF,22,PHI,1,0,2.0,0.0,1.0,.000,0.0,1.0,.000,0.0,0.0,0,.000,0.0,0.0,0,0.0,0.0,0.0,0.0,0.0,0.0,0.0,0.0,0.0
Juan Hernangómez,PF,26,BOS,11,0,3.5,0.3,1.3,.214,0.1,0.7,.125,0.2,0.5,.333,.250,0.4,0.5,.800,0.3,0.6,0.9,0.0,0.4,0.0,0.3,0.3,1.0
Willy Hernangómez,C,27,NOP,11,0,13.8,3.5,5.5,.633,0.2,0.2,1.000,3.3,5.3,.621,.650,1.5,1.9,.762,2.0,4.2,6.2,1.8,0.4,0.3,1.1,2.0,8.5
Tyler Herro,SG,22,MIA,20,6,33.8,8.3,18.4,.450,2.9,7.2,.403,5.4,11.2,.480,.529,2.2,2.5,.878,0.7,4.8,5.5,3.7,0.6,0.1,2.9,1.4,21.6
Buddy Hield,SG,29,SAC,23,2,29.0,5.4,14.0,.389,3.7,10.2,.368,1.7,3.8,.448,.523,1.6,1.9,.818,0.8,3.5,4.3,2.3,0.6,0.2,1.6,2.1,16.2
George Hill,SG,35,MIL,22,11,27.3,2.8,6.3,.442,1.0,3.0,.328,1.8,3.2,.549,.522,1.2,1.3,.929,0.9,2.7,3.6,2.5,0.8,0.1,1.0,1.8,7.7
Solomon Hill,PF,30,ATL,12,1,11.3,0.3,1.7,.150,0.2,1.1,.154,0.1,0.6,.143,.200,0.0,0.0,0,0.5,1.3,1.8,0.9,0.3,0.2,0.1,1.3,0.7
Aaron Holiday,PG,25,WAS,22,6,17.7,2.3,5.4,.424,0.6,1.6,.361,1.7,3.7,.451,.479,0.5,0.7,.800,0.2,1.5,1.7,2.0,0.5,0.4,1.1,1.6,5.7
Jrue Holiday,PG,31,MIL,17,16,31.4,6.2,14.1,.439,1.8,5.1,.349,4.4,9.0,.490,.502,1.1,1.8,.633,0.7,3.9,4.6,6.1,1.4,0.5,2.6,2.1,15.2
Justin Holiday,SF,32,IND,23,15,28.1,3.6,9.0,.398,2.4,6.7,.357,1.2,2.3,.519,.532,0.3,0.5,.727,0.3,2.6,2.8,1.7,0.5,0.3,0.9,2.1,9.9
Richaun Holmes,C,28,SAC,20,20,28.0,6.4,8.9,.719,0.1,0.2,.500,6.3,8.7,.724,.725,2.3,2.8,.818,2.8,7.0,9.8,1.3,0.3,1.0,1.6,3.1,15.2
Rodney Hood,SF,29,MIL,16,0,14.2,1.0,3.2,.314,0.7,2.1,.324,0.3,1.1,.294,.422,0.4,0.4,1.000,0.3,1.6,1.9,0.8,0.3,0.0,0.1,0.8,3.1
Al Horford,C,35,BOS,20,20,29.1,4.7,10.1,.465,1.4,4.4,.310,3.4,5.8,.583,.532,2.1,2.4,.854,1.6,6.6,8.2,3.5,0.8,1.8,1.2,2.4,12.8
Talen Horton-Tucker,SG,21,LAL,11,8,28.6,4.0,10.5,.383,0.9,3.5,.256,3.1,6.9,.447,.426,1.7,1.8,.950,0.7,4.4,5.1,2.6,0.8,0.6,1.5,3.4,10.6
Danuel House,SF,28,HOU,15,1,14.1,1.6,4.7,.338,0.7,2.1,.313,0.9,2.6,.359,.408,0.9,1.0,.867,0.2,2.5,2.7,1.1,0.3,0.3,1.0,0.9,4.7
Dwight Howard,C,36,LAL,21,1,15.0,1.9,2.9,.650,0.2,0.3,.714,1.6,2.5,.642,.692,1.2,2.0,.619,1.5,3.8,5.3,0.5,0.9,0.7,1.0,1.9,5.2
Markus Howard,SG,22,DEN,11,0,5.8,0.6,2.5,.250,0.5,1.9,.238,0.2,0.6,.286,.339,0.4,0.4,1.000,0.0,0.2,0.2,0.4,0.4,0.0,0.3,0.2,2.1
Kevin Huerter,SG,23,ATL,22,12,26.1,4.0,8.5,.476,1.5,4.1,.367,2.5,4.4,.577,.564,0.4,0.5,.800,0.3,3.0,3.4,2.3,0.4,0.2,1.2,1.7,10.0
Jay Huff,C,23,LAL,1,0,8.0,0.0,1.0,.000,0.0,1.0,.000,0.0,0.0,0,.000,0.0,0.0,0,1.0,1.0,2.0,1.0,0.0,0.0,0.0,0.0,0.0
Elijah Hughes,SF,23,UTA,6,0,2.8,0.0,0.3,.000,0.0,0.2,.000,0.0,0.2,.000,.000,0.3,0.3,1.000,0.0,0.2,0.2,0.0,0.0,0.0,0.2,0.3,0.3
De'Andre Hunter,SF,24,ATL,11,11,27.8,4.5,10.1,.450,1.4,3.5,.395,3.2,6.6,.479,.518,0.4,0.9,.400,0.4,2.4,2.7,0.6,0.6,0.3,1.3,2.9,10.8
Chandler Hutchison,SF,25,PHO,3,0,3.0,0.3,0.3,1.000,0.0,0.0,0,0.3,0.3,1.000,1.000,0.0,0.0,0,0.0,1.3,1.3,0.3,0.0,0.0,1.0,0.3,0.7
Bones Hyland,PG,21,DEN,15,0,15.8,2.7,6.9,.385,1.7,4.7,.352,1.0,2.2,.455,.505,1.0,1.1,.938,0.3,1.6,1.9,1.7,0.7,0.2,0.9,1.7,8.0
Serge Ibaka,C,32,LAC,9,2,14.9,1.8,4.7,.381,0.9,2.0,.444,0.9,2.7,.333,.476,0.6,0.9,.625,1.1,2.4,3.6,1.2,0.2,0.3,0.7,2.1,5.0
Andre Iguodala,SF,38,GSW,12,0,20.8,1.5,3.6,.419,0.4,1.9,.217,1.1,1.7,.650,.477,0.3,0.5,.667,0.7,2.8,3.5,3.8,0.8,0.8,0.8,1.0,3.8
Joe Ingles,SF,34,UTA,22,5,24.8,2.8,6.0,.462,2.0,4.9,.417,0.7,1.1,.667,.633,0.4,0.4,.889,0.5,2.6,3.0,3.1,0.5,0.1,1.0,1.8,8.0
Brandon Ingram,SF,24,NOP,18,18,34.5,8.2,18.7,.436,1.7,4.6,.373,6.4,14.1,.457,.482,3.9,4.6,.843,0.9,5.4,6.3,4.7,0.3,0.3,3.2,2.0,21.9
Frank Jackson,PG,23,DET,22,2,21.4,3.3,8.5,.392,1.6,5.5,.300,1.7,3.0,.561,.489,1.4,1.6,.833,0.2,1.1,1.3,0.8,0.5,0.2,0.8,1.4,9.6
Isaiah Jackson,PF,20,IND,5,0,6.0,0.8,2.2,.364,0.0,0.0,0,0.8,2.2,.364,.364,0.2,0.4,.500,0.6,1.2,1.8,0.0,0.2,0.2,0.2,1.8,1.8
Jaren Jackson Jr.,PF,22,MEM,22,22,26.6,5.4,12.7,.425,2.3,6.1,.373,3.1,6.6,.473,.514,2.9,3.3,.875,1.2,4.4,5.6,1.0,0.9,2.1,1.5,3.3,16.0
Josh Jackson,SF,24,DET,19,3,19.0,2.6,6.5,.407,0.8,3.0,.281,1.8,3.5,.515,.472,1.2,1.7,.697,0.6,2.9,3.5,1.7,0.4,0.5,1.2,1.7,7.3
Reggie Jackson,SG,31,LAC,23,23,33.4,6.5,16.4,.398,2.8,8.3,.333,3.7,8.0,.465,.483,1.4,1.7,.825,0.7,2.9,3.5,4.0,0.7,0.1,1.9,1.7,17.3
LeBron James,SF,37,LAL,12,12,36.9,9.6,20.2,.475,2.8,8.4,.337,6.8,11.8,.574,.545,3.6,4.8,.741,0.7,5.0,5.7,6.8,1.8,0.7,3.7,2.3,25.6
DeJon Jarreau,SG,24,IND,1,0,1.0,0.0,0.0,0,0.0,0.0,0,0.0,0.0,0,0,0.0,0.0,0,0.0,0.0,0.0,0.0,0.0,0.0,0.0,0.0,0.0
Ty Jerome,SG,24,OKC,19,1,14.3,2.4,6.1,.400,1.1,3.4,.308,1.4,2.6,.520,.487,1.3,1.5,.828,0.3,0.9,1.2,1.2,0.7,0.1,0.5,1.3,7.2
Isaiah Joe,SG,22,PHI,13,0,9.5,1.2,3.5,.333,0.8,2.6,.294,0.4,0.8,.455,.444,0.3,0.3,1.000,0.2,1.1,1.2,0.6,0.1,0.0,0.3,0.7,3.4
Alize Johnson,PF,25,CHI,13,0,7.5,0.9,1.6,.571,0.0,0.1,.000,0.9,1.5,.600,.571,0.2,0.4,.600,1.0,1.3,2.3,0.6,0.2,0.0,0.5,0.9,2.1
Cameron Johnson,PF,25,PHO,23,0,23.0,3.3,7.7,.424,2.0,4.8,.405,1.3,2.9,.455,.551,0.9,1.2,.714,0.3,3.0,3.3,1.3,0.7,0.3,0.7,1.3,9.3
David Johnson,SG,20,TOR,1,0,0.0,0.0,0.0,0,0.0,0.0,0,0.0,0.0,0,0,0.0,0.0,0,0.0,0.0,0.0,0.0,0.0,0.0,0.0,0.0,0.0
Jalen Johnson,PF,20,ATL,7,0,2.7,0.7,1.4,.500,0.3,0.6,.500,0.4,0.9,.500,.600,0.3,0.3,1.000,0.0,0.7,0.7,0.0,0.0,0.0,0.0,0.0,2.0
James Johnson,PF,34,BRK,14,0,17.1,1.9,4.0,.482,0.2,0.8,.273,1.7,3.2,.533,.509,0.4,1.0,.429,1.0,2.6,3.6,1.4,0.4,0.4,0.6,2.4,4.5
Keldon Johnson,SF,22,SAS,20,20,31.5,5.8,12.4,.470,1.2,2.8,.411,4.7,9.6,.487,.516,2.2,3.3,.662,1.1,5.4,6.5,2.0,1.0,0.2,1.4,1.7,14.9
Keon Johnson,SG,19,LAC,3,0,5.3,0.0,1.3,.000,0.0,0.3,.000,0.0,1.0,.000,.000,1.3,1.3,1.000,0.3,0.7,1.0,0.7,0.3,0.0,0.3,1.0,1.3
Nikola Jokić,C,26,DEN,16,16,32.7,10.0,17.3,.580,1.6,4.3,.382,8.4,13.0,.644,.627,4.1,5.4,.756,2.6,11.1,13.8,6.4,1.2,0.8,3.2,2.8,25.7
Damian Jones,C,26,SAC,10,0,8.4,1.2,1.7,.706,0.1,0.2,.500,1.1,1.5,.733,.735,0.7,1.1,.636,1.1,1.4,2.5,0.5,0.0,0.3,0.2,1.2,3.2
Derrick Jones Jr.,SF,24,CHI,19,0,16.7,2.5,4.0,.618,0.2,0.8,.267,2.3,3.2,.705,.645,1.3,1.6,.833,1.3,2.1,3.3,0.5,0.6,0.8,0.5,2.3,6.5
Herb Jones,C,23,NOP,22,13,26.6,2.7,5.9,.454,0.3,1.0,.333,2.4,5.0,.477,.481,0.8,1.0,.783,1.3,2.0,3.3,1.7,1.5,0.7,1.1,3.0,6.5
Kai Jones,C,21,CHO,6,0,1.3,0.2,0.2,1.000,0.0,0.0,0,0.2,0.2,1.000,1.000,0.0,0.0,0,0.0,0.2,0.2,0.0,0.0,0.0,0.5,0.0,0.3
Tre Jones,PG,22,SAS,18,0,9.6,1.7,3.2,.534,0.0,0.2,.000,1.7,3.1,.564,.534,0.5,0.5,1.000,0.1,1.0,1.1,1.4,0.3,0.0,0.6,0.7,3.9
Tyus Jones,PG,25,MEM,22,3,17.1,2.5,5.2,.470,0.9,2.0,.432,1.6,3.2,.493,.552,0.5,0.5,.833,0.2,2.1,2.3,3.7,0.8,0.1,0.6,0.4,6.2
DeAndre Jordan,C,33,LAL,20,16,13.8,2.3,3.2,.703,0.0,0.0,0,2.3,3.2,.703,.703,0.3,0.5,.600,1.7,4.3,6.0,0.4,0.4,0.9,0.8,1.8,4.8
Cory Joseph,PG,30,DET,22,4,21.5,2.2,5.2,.426,0.5,1.8,.308,1.7,3.5,.487,.478,1.5,1.9,.829,0.3,1.5,1.8,3.5,0.8,0.2,1.4,1.5,6.5
Georgios Kalaitzakis,SF,23,MIL,9,0,5.3,0.6,1.2,.455,0.2,0.4,.500,0.3,0.8,.429,.545,0.4,1.0,.444,0.4,0.4,0.9,0.0,0.1,0.1,0.4,0.9,1.8
Frank Kaminsky,C,28,PHO,9,0,20.1,4.0,7.3,.545,0.6,1.7,.333,3.4,5.7,.608,.583,2.0,2.2,.900,1.2,3.3,4.6,1.4,0.9,0.8,0.6,1.6,10.6
Luke Kennard,SG,25,LAC,23,0,27.7,3.7,8.6,.431,2.5,5.9,.430,1.2,2.7,.435,.579,0.5,0.5,.917,0.2,3.0,3.2,1.9,0.8,0.1,0.8,1.4,10.4
Louis King,SF,22,SAC,3,0,16.3,2.3,7.0,.333,1.3,4.7,.286,1.0,2.3,.429,.429,2.0,2.3,.857,0.0,2.3,2.3,0.3,0.7,0.0,0.0,2.3,8.0
Corey Kispert,SF,22,WAS,21,0,12.2,1.3,3.4,.394,0.4,2.0,.209,0.9,1.3,.679,.458,0.5,0.7,.786,0.4,1.4,1.9,0.5,0.2,0.1,0.3,0.4,3.6
Maxi Kleber,PF,30,DAL,12,2,22.7,2.8,6.0,.472,1.8,4.3,.412,1.1,1.8,.619,.618,0.9,1.2,.786,1.2,4.2,5.3,0.9,0.5,1.0,0.5,2.3,8.3
Nathan Knight,PF,24,MIN,9,0,3.8,0.6,0.8,.714,0.0,0.0,0,0.6,0.8,.714,.714,0.8,1.1,.700,0.4,0.7,1.1,0.3,0.1,0.2,0.3,0.6,1.9
Kevin Knox,SF,22,NYK,5,0,3.6,0.4,1.0,.400,0.2,0.6,.333,0.2,0.4,.500,.500,0.2,0.4,.500,0.4,0.0,0.4,0.2,0.0,0.0,0.4,0.4,1.2
John Konchar,SG,25,MEM,20,0,14.9,1.8,3.2,.556,0.5,1.2,.375,1.3,2.0,.667,.627,0.2,0.4,.375,1.0,2.6,3.6,1.3,0.7,0.2,0.6,1.1,4.1
Furkan Korkmaz,SG,24,PHI,22,5,23.4,3.3,8.7,.382,1.7,5.1,.327,1.6,3.5,.462,.479,0.9,1.1,.792,0.3,2.5,2.8,2.5,0.8,0.1,1.0,0.9,9.2
Vit Krejci,SG,21,OKC,3,0,3.0,0.0,0.7,.000,0.0,0.7,.000,0.0,0.0,0,.000,0.7,0.7,1.000,0.0,1.0,1.0,0.0,0.0,0.0,0.3,0.0,0.7
Jonathan Kuminga,SF,19,GSW,14,0,7.2,1.1,2.8,.410,0.1,1.0,.143,1.0,1.8,.560,.436,0.6,0.9,.615,0.5,1.1,1.6,0.4,0.3,0.1,0.6,1.2,3.0
Kyle Kuzma,PF,26,WAS,23,23,32.4,4.8,11.3,.423,2.0,5.8,.353,2.7,5.5,.496,.513,1.4,2.1,.653,0.9,7.7,8.7,2.8,0.6,0.7,2.1,2.2,13.0
Jeremy Lamb,SF,29,IND,18,0,13.6,2.2,5.6,.396,1.2,3.0,.389,1.1,2.6,.404,.500,1.6,1.6,1.000,0.3,2.3,2.7,1.1,0.4,0.4,0.4,1.1,7.2
Jock Landale,C,26,SAS,7,0,3.0,0.9,1.1,.750,0.1,0.3,.500,0.7,0.9,.833,.813,0.3,0.4,.667,0.3,0.0,0.3,0.3,0.0,0.1,0.1,0.1,2.1
Romeo Langford,SG,22,BOS,18,0,18.6,1.8,4.4,.405,0.8,2.0,.417,0.9,2.4,.395,.500,0.4,0.6,.727,0.9,2.2,3.1,0.5,0.4,0.1,0.6,1.3,4.8
Zach LaVine,SG,26,CHI,23,23,34.7,9.3,19.2,.488,2.9,7.4,.388,6.5,11.8,.550,.562,3.8,4.4,.871,0.4,4.9,5.3,3.8,0.5,0.3,2.7,1.5,25.4
Jake Layman,SF,27,MIN,7,0,4.9,0.4,1.4,.300,0.1,0.6,.250,0.3,0.9,.333,.350,0.0,0.0,0,0.1,0.6,0.7,0.0,0.1,0.1,0.3,0.1,1.0
Damion Lee,SG,29,GSW,16,0,20.2,3.1,7.3,.431,1.2,3.4,.345,1.9,3.8,.508,.513,1.2,1.4,.826,0.4,2.5,2.9,1.1,0.2,0.1,0.6,1.3,8.6
Saben Lee,PG,22,DET,8,0,11.6,1.3,3.6,.345,0.3,1.5,.167,1.0,2.1,.471,.379,0.8,1.3,.600,0.1,1.4,1.5,1.4,0.9,0.1,0.6,0.5,3.5
Alex Len,C,28,SAC,15,3,16.5,2.3,4.3,.538,0.4,0.9,.462,1.9,3.5,.558,.585,1.1,1.7,.680,0.9,2.9,3.9,1.1,0.2,1.0,1.1,3.1,6.2
Caris LeVert,SG,27,IND,17,17,27.3,5.8,14.1,.414,1.2,4.6,.253,4.6,9.4,.494,.456,1.9,2.4,.780,0.4,2.4,2.8,2.9,0.8,0.4,1.4,1.9,14.7
Kira Lewis Jr.,PG,20,NOP,22,0,14.6,2.5,6.2,.394,0.6,2.5,.232,1.9,3.7,.506,.442,0.3,0.4,.778,0.4,1.3,1.7,2.0,0.5,0.0,1.1,0.8,5.8
Damian Lillard,PG,31,POR,20,20,35.7,7.3,18.4,.397,2.8,9.1,.302,4.6,9.3,.489,.471,4.1,4.5,.911,0.4,3.6,4.0,7.8,0.7,0.4,2.6,1.4,21.5
Nassir Little,SF,21,POR,21,2,22.4,3.1,6.5,.478,1.0,3.0,.317,2.1,3.5,.616,.551,1.1,1.4,.828,1.4,3.9,5.3,0.8,0.8,0.6,0.9,2.1,8.3
Kevon Looney,C,25,GSW,22,22,18.2,2.2,4.2,.516,0.0,0.0,0,2.2,4.2,.516,.516,0.9,1.6,.556,2.5,4.1,6.5,1.1,0.5,0.8,0.7,2.4,5.3
Brook Lopez,C,33,MIL,1,1,28.0,3.0,9.0,.333,2.0,4.0,.500,1.0,5.0,.200,.444,0.0,0.0,0,2.0,3.0,5.0,0.0,1.0,3.0,0.0,3.0,8.0
Robin Lopez,C,33,ORL,8,1,15.1,2.8,4.6,.595,0.0,0.1,.000,2.8,4.5,.611,.595,1.3,2.0,.625,1.5,1.1,2.6,1.0,0.0,0.6,1.1,1.8,6.8
Didi Louzada,SF,22,NOP,2,0,3.5,0.0,1.5,.000,0.0,1.5,.000,0.0,0.0,0,.000,0.0,0.0,0,1.0,0.0,1.0,0.5,0.0,0.0,0.0,0.0,0.0
Kevin Love,PF,33,CLE,15,0,20.1,3.6,8.7,.412,1.6,4.5,.353,2.0,4.2,.476,.504,2.5,2.6,.949,1.3,6.3,7.6,2.0,0.3,0.3,0.9,1.1,11.3
Kyle Lowry,PG,35,MIA,21,21,34.0,4.5,10.6,.423,2.0,6.4,.321,2.4,4.2,.580,.520,1.9,2.1,.909,0.5,4.2,4.7,7.6,1.1,0.3,3.0,2.9,12.9
Timothé Luwawu-Cabarrot,SF,26,ATL,16,2,6.0,0.6,1.8,.345,0.4,1.3,.333,0.2,0.5,.375,.466,0.3,0.4,.833,0.0,0.9,0.9,0.3,0.1,0.1,0.2,0.7,2.0
Trey Lyles,PF,26,DET,22,0,16.0,2.5,6.1,.418,0.8,2.9,.286,1.7,3.2,.535,.485,1.8,2.3,.780,1.3,2.8,4.1,0.8,0.3,0.2,1.0,1.3,7.7
Théo Maledon,PG,20,OKC,12,0,12.9,0.8,3.3,.225,0.3,2.2,.115,0.5,1.2,.429,.263,0.8,1.0,.833,0.4,1.3,1.8,1.0,0.3,0.1,1.2,0.8,2.6
Sandro Mamukelashvili,PF,22,MIL,11,0,8.5,1.1,2.3,.480,0.3,0.7,.375,0.8,1.5,.529,.540,0.2,0.3,.667,0.9,1.0,1.9,0.3,0.0,0.1,0.2,0.5,2.6
Terance Mann,SF,25,LAC,22,0,27.8,3.5,7.8,.453,1.0,2.9,.344,2.5,4.9,.519,.517,1.5,1.9,.810,1.4,3.6,5.0,2.5,0.7,0.1,1.1,2.4,9.6
Tre Mann,PG,20,OKC,14,2,15.3,2.7,6.6,.409,0.9,2.6,.333,1.9,4.1,.456,.473,0.8,1.1,.688,0.5,1.2,1.7,0.3,0.5,0.4,0.9,1.4,7.1
Boban Marjanović,C,33,DAL,12,0,5.9,2.3,3.3,.700,0.1,0.1,1.000,2.3,3.3,.692,.713,0.5,1.1,.462,0.4,1.2,1.6,0.2,0.0,0.2,0.5,1.3,5.3
Lauri Markkanen,PF,24,CLE,14,14,31.4,5.1,12.6,.401,2.4,7.1,.330,2.7,5.5,.494,.494,2.1,2.4,.879,1.3,4.9,6.1,1.2,0.9,0.6,0.8,1.4,14.6
Naji Marshall,SF,24,NOP,18,0,11.4,1.1,3.3,.322,0.2,1.3,.130,0.9,2.0,.444,.347,1.4,1.6,.862,0.7,2.2,2.9,1.1,0.4,0.2,1.0,1.1,3.7
Caleb Martin,SF,26,MIA,20,1,17.8,2.4,5.2,.452,0.6,1.9,.297,1.8,3.4,.537,.505,0.8,1.3,.577,0.8,2.2,3.0,0.8,0.9,0.5,0.5,1.4,6.0
Cody Martin,SF,26,CHO,22,0,24.6,2.8,5.9,.477,0.9,1.9,.476,1.9,4.0,.477,.554,1.1,1.6,.714,1.3,2.9,4.1,2.2,1.3,0.5,0.4,1.7,7.7
Kelan Martin,SF,26,IND,18,1,16.7,2.8,6.8,.418,0.8,2.9,.269,2.1,3.9,.529,.475,0.4,0.6,.636,0.6,1.2,1.8,0.9,0.5,0.3,0.6,1.3,6.8
Kenyon Martin Jr.,SF,21,HOU,21,0,15.5,2.9,5.2,.545,0.4,1.5,.290,2.4,3.8,.646,.586,0.7,1.0,.667,0.5,2.4,3.0,1.0,0.4,0.5,0.5,1.0,6.8
Garrison Mathews,SG,25,HOU,9,4,26.2,3.9,8.2,.473,2.8,7.0,.397,1.1,1.2,.909,.642,1.2,1.6,.786,0.9,1.8,2.7,0.4,0.6,0.3,0.2,2.7,11.8
Tyrese Maxey,PG,21,PHI,23,23,35.4,6.4,13.8,.465,1.1,3.1,.361,5.3,10.7,.496,.506,3.2,3.6,.892,0.4,3.4,3.8,4.9,0.7,0.6,1.2,2.4,17.2
Skylar Mays,SG,24,ATL,7,0,2.7,0.6,0.7,.800,0.1,0.3,.500,0.4,0.4,1.000,.900,0.7,0.7,1.000,0.0,0.3,0.3,0.1,0.0,0.0,0.3,0.3,2.0
Miles McBride,PG,21,NYK,6,0,1.3,0.2,1.5,.111,0.0,1.0,.000,0.2,0.5,.333,.111,0.0,0.0,0,0.2,0.0,0.2,0.2,0.2,0.2,0.0,0.2,0.3
CJ McCollum,SG,30,POR,23,23,35.3,8.0,18.7,.426,3.2,8.1,.396,4.7,10.6,.449,.512,1.3,1.9,.698,1.1,3.1,4.3,4.4,1.1,0.7,1.9,2.0,20.4
T.J. McConnell,PG,29,IND,24,6,24.2,3.8,7.5,.503,0.3,1.0,.280,3.5,6.5,.538,.522,0.5,0.6,.800,0.8,2.5,3.3,4.8,1.0,0.4,1.2,1.8,8.4
Jaden McDaniels,PF,21,MIN,20,11,25.3,2.6,6.2,.415,0.7,2.7,.264,1.9,3.5,.529,.472,0.4,0.6,.636,1.6,2.9,4.5,0.9,1.0,0.6,1.0,3.8,6.2
Jalen McDaniels,SF,24,CHO,22,0,15.0,1.9,3.6,.525,0.9,2.0,.455,1.0,1.6,.611,.650,0.7,1.1,.640,0.6,2.7,3.3,1.0,0.4,0.4,0.6,1.7,5.5
Doug McDermott,PF,30,SAS,13,13,25.2,4.2,9.1,.458,2.1,4.8,.429,2.1,4.2,.491,.572,0.5,0.7,.667,0.5,1.8,2.4,1.3,0.2,0.0,0.6,1.2,10.8
JaVale McGee,C,34,PHO,23,6,15.6,4.3,6.5,.664,0.0,0.0,0,4.3,6.5,.664,.664,1.3,2.0,.652,2.3,4.7,7.0,0.6,0.3,0.9,1.7,2.5,9.9
Rodney McGruder,SG,30,DET,9,0,5.3,0.6,1.6,.357,0.2,0.9,.250,0.3,0.7,.500,.429,0.2,0.2,1.000,0.2,0.4,0.7,0.3,0.0,0.1,0.1,0.1,1.6
JaQuori McLaughlin,PG,24,DAL,2,0,2.5,0.0,0.5,.000,0.0,0.0,0,0.0,0.5,.000,.000,0.0,0.0,0,0.0,0.0,0.0,1.0,0.0,0.0,0.0,0.0,0.0
Jordan McLaughlin,PG,25,MIN,16,0,10.3,0.7,2.3,.306,0.2,1.1,.176,0.5,1.2,.421,.347,0.3,0.4,.714,0.1,0.7,0.8,2.1,0.6,0.0,0.7,0.4,1.9
Ben McLemore,SG,28,POR,8,0,10.3,1.9,4.3,.441,1.5,3.9,.387,0.4,0.4,1.000,.618,0.6,0.6,1.000,0.3,0.5,0.8,0.6,0.3,0.0,0.6,0.6,5.9
De'Anthony Melton,SG,23,MEM,19,12,24.7,4.0,9.7,.411,1.8,5.1,.365,2.2,4.7,.461,.505,0.6,0.8,.750,0.9,3.4,4.3,2.5,1.4,0.6,1.4,1.6,10.5
Sam Merrill,SG,25,MEM,6,0,9.7,1.3,4.0,.333,1.2,3.8,.304,0.2,0.2,1.000,.479,0.3,0.7,.500,0.2,1.0,1.2,0.7,0.0,0.0,0.3,0.5,4.2
Chimezie Metu,C,24,SAC,12,9,23.2,3.4,8.8,.390,1.2,4.5,.259,2.3,4.3,.529,.457,0.9,1.3,.733,1.2,5.8,6.9,1.1,0.8,0.6,1.1,1.2,8.9
Khris Middleton,SF,30,MIL,15,15,30.5,6.1,14.7,.412,2.0,5.9,.341,4.1,8.9,.459,.480,3.3,3.9,.862,0.4,5.0,5.4,4.7,1.3,0.2,2.9,1.8,17.5
Patty Mills,PG,33,BRK,22,8,28.1,4.5,9.6,.462,3.2,6.7,.476,1.3,3.0,.431,.627,0.6,0.6,.929,0.3,1.4,1.7,2.5,0.5,0.2,0.8,1.4,12.7
Paul Millsap,PF,36,BRK,17,0,11.1,0.9,2.9,.327,0.3,1.3,.227,0.6,1.6,.407,.378,0.7,1.0,.706,0.8,2.6,3.4,0.8,0.2,0.4,0.5,2.1,2.9
Shake Milton,PG,25,PHI,18,4,25.0,4.5,10.0,.450,0.8,2.9,.288,3.7,7.1,.516,.492,1.7,1.9,.882,0.6,2.4,3.0,2.9,0.7,0.4,1.1,1.9,11.5
Davion Mitchell,PG,23,SAC,23,0,25.5,3.7,9.8,.381,1.2,4.1,.287,2.6,5.7,.447,.440,0.7,1.1,.654,0.7,2.0,2.7,3.4,0.8,0.2,1.1,2.3,9.4
Donovan Mitchell,SG,25,UTA,21,21,32.2,8.9,20.1,.440,3.0,9.2,.330,5.8,10.9,.533,.515,3.0,3.3,.886,1.0,3.2,4.1,5.1,1.8,0.2,2.8,2.6,23.7
Evan Mobley,PF,20,CLE,19,19,33.8,5.5,11.6,.477,0.6,1.9,.333,4.9,9.7,.505,.505,2.4,3.1,.776,1.6,6.5,8.1,2.6,0.9,1.9,1.9,2.1,14.1
Malik Monk,SG,23,LAL,24,2,24.5,3.9,8.4,.460,1.8,4.9,.368,2.1,3.5,.588,.567,0.8,1.0,.826,0.4,2.3,2.7,2.2,0.7,0.3,1.3,1.5,10.3
Moses Moody,SG,19,GSW,15,0,5.9,0.7,1.8,.370,0.1,1.0,.133,0.5,0.8,.667,.407,0.1,0.1,.500,0.1,0.7,0.7,0.2,0.0,0.1,0.1,0.3,1.5
Ja Morant,PG,22,MEM,19,19,32.6,8.9,18.8,.476,1.6,4.6,.356,7.3,14.2,.515,.520,4.6,5.9,.777,1.3,4.3,5.6,6.8,1.6,0.3,3.2,1.3,24.1
Marcus Morris,PF,32,LAC,7,7,28.3,3.7,10.1,.366,1.9,5.4,.342,1.9,4.7,.394,.458,0.9,1.0,.857,0.3,3.0,3.3,1.9,0.4,0.6,1.4,2.9,10.1
Markieff Morris,PF,32,MIA,10,0,18.7,3.2,7.0,.457,0.8,2.2,.364,2.4,4.8,.500,.514,0.5,0.5,1.000,1.3,1.5,2.8,1.4,0.3,0.1,1.2,2.2,7.7
Monte Morris,PG,26,DEN,21,21,29.8,5.2,11.0,.474,1.2,3.9,.317,4.0,7.0,.561,.530,0.3,0.5,.600,0.3,2.3,2.6,4.2,0.7,0.1,1.4,1.7,11.9
Mychal Mulder,PG,27,ORL,11,1,10.5,1.1,4.2,.261,0.8,2.8,.290,0.3,1.4,.200,.359,0.2,0.2,1.000,0.2,0.8,1.0,0.1,0.2,0.1,0.3,0.6,3.2
Trey Murphy III,SF,21,NOP,24,0,14.8,1.7,4.3,.392,1.3,3.1,.413,0.4,1.1,.333,.544,0.4,0.4,.900,0.6,1.6,2.3,0.6,0.3,0.2,0.4,1.3,5.0
Dejounte Murray,PG,25,SAS,20,20,34.7,8.0,18.0,.443,1.3,4.0,.316,6.7,14.0,.479,.478,1.8,2.5,.700,0.8,7.6,8.4,8.3,2.0,0.5,2.3,2.0,18.9
Mike Muscala,C,30,OKC,16,0,14.6,2.7,5.9,.453,1.7,3.9,.435,1.0,2.1,.485,.595,1.5,1.9,.800,0.4,2.9,3.3,0.6,0.4,0.6,0.4,1.3,8.6
Svi Mykhailiuk,SF,24,TOR,23,4,18.8,2.7,6.1,.436,1.1,3.4,.329,1.5,2.7,.574,.529,0.8,0.9,.900,0.6,2.0,2.6,1.1,0.8,0.1,0.7,1.3,7.2
Abdel Nader,SF,28,PHO,14,0,10.4,0.9,2.5,.343,0.3,1.0,.286,0.6,1.5,.381,.400,0.4,0.7,.600,0.3,1.6,1.9,0.5,0.6,0.3,0.8,1.4,2.4
Larry Nance Jr.,PF,29,POR,23,0,19.5,2.5,4.7,.532,0.5,1.5,.314,2.0,3.2,.635,.583,0.7,1.2,.593,1.5,3.4,4.9,1.4,0.8,0.4,0.8,1.4,6.2
RJ Nembhard,SG,22,CLE,2,0,1.5,0.5,0.5,1.000,0.0,0.0,0,0.5,0.5,1.000,1.000,0.0,0.0,0,0.0,0.5,0.5,0.5,0.0,0.0,0.0,0.0,1.0
Aaron Nesmith,SF,22,BOS,18,0,9.1,0.9,2.8,.314,0.4,2.1,.211,0.4,0.7,.615,.392,0.1,0.1,1.000,0.3,1.2,1.5,0.3,0.2,0.0,0.4,1.1,2.3
Raul Neto,PG,29,WAS,22,0,19.8,3.0,6.5,.469,0.4,1.6,.250,2.6,4.9,.542,.500,1.0,1.5,.697,0.2,1.8,2.0,2.5,0.8,0.0,1.2,1.7,7.5
Georges Niang,PF,28,PHI,23,5,24.9,4.0,9.3,.435,2.1,5.6,.380,1.9,3.7,.518,.549,1.1,1.2,.929,0.3,2.5,2.7,1.7,0.7,0.3,0.8,2.7,11.3
Daishen Nix,G,19,HOU,1,0,2.0,0.0,0.0,0,0.0,0.0,0,0.0,0.0,0,0,0.0,0.0,0,0.0,0.0,0.0,1.0,0.0,0.0,0.0,0.0,0.0
Zeke Nnaji,PF,21,DEN,9,0,12.1,2.3,4.3,.538,1.3,2.0,.667,1.0,2.3,.429,.692,0.8,1.3,.583,1.0,2.2,3.2,0.1,0.0,0.4,0.6,1.1,6.8
Nerlens Noel,C,27,NYK,9,3,24.0,1.6,3.0,.519,0.0,0.2,.000,1.6,2.8,.560,.519,1.0,1.0,1.000,2.3,3.7,6.0,0.7,1.1,1.4,1.1,3.1,4.1
Jaylen Nowell,SG,22,MIN,11,0,5.8,1.1,3.0,.364,0.1,0.7,.125,1.0,2.3,.440,.379,0.2,0.2,1.000,0.3,0.6,0.9,0.8,0.3,0.3,0.1,0.3,2.5
Frank Ntilikina,PG,23,DAL,15,0,14.2,1.8,5.0,.360,0.9,2.6,.359,0.9,2.4,.361,.453,0.8,0.8,1.000,0.2,1.7,1.9,1.5,0.7,0.2,0.7,1.2,5.3
Jusuf Nurkić,C,27,POR,23,23,24.7,4.8,8.2,.582,0.2,0.7,.235,4.6,7.5,.616,.593,2.7,3.6,.756,2.6,8.0,10.6,2.3,1.2,0.5,1.9,2.9,12.4
David Nwaba,SF,29,HOU,15,0,11.7,1.5,3.5,.442,0.1,0.9,.077,1.5,2.6,.564,.452,0.9,1.5,.636,0.5,2.5,3.1,0.7,0.7,0.3,0.5,1.0,4.1
Jordan Nwora,SF,23,MIL,20,0,18.4,2.7,6.9,.394,1.3,3.6,.352,1.5,3.3,.439,.485,0.6,0.7,.846,0.6,2.9,3.4,1.2,0.3,0.5,1.3,1.1,7.2
Royce O'Neale,SF,28,UTA,20,20,31.1,2.9,6.0,.479,1.5,4.1,.370,1.4,1.9,.711,.605,0.6,0.9,.706,1.0,4.0,5.0,2.3,1.6,0.8,1.3,2.3,7.8
Semi Ojeleye,PF,27,MIL,11,0,19.8,1.1,4.3,.255,0.5,2.5,.214,0.5,1.7,.316,.319,0.3,0.5,.600,1.9,1.7,3.6,0.4,0.4,0.5,0.5,1.5,3.0
Chuma Okeke,PF,23,ORL,18,0,21.1,2.6,6.8,.385,0.7,3.1,.232,1.9,3.7,.515,.439,1.1,1.3,.870,0.7,3.6,4.2,1.2,0.7,0.2,0.8,1.3,7.1
Josh Okogie,SG,23,MIN,15,5,16.1,0.9,2.8,.333,0.2,1.1,.188,0.7,1.7,.423,.369,0.7,1.3,.500,1.0,1.5,2.5,1.1,0.7,0.3,0.5,1.6,2.7
Isaac Okoro,SF,21,CLE,16,12,29.6,2.8,7.3,.388,0.6,2.8,.222,2.2,4.4,.493,.431,1.6,2.2,.743,1.4,2.8,4.2,1.9,0.8,0.3,1.1,2.4,7.9
KZ Okpala,PF,22,MIA,10,0,6.3,0.5,1.7,.294,0.1,0.9,.111,0.4,0.8,.500,.324,0.6,0.8,.750,0.5,0.8,1.3,0.3,0.1,0.1,0.0,0.6,1.7
Kelly Olynyk,C,30,DET,10,1,23.0,4.5,9.8,.459,1.4,4.1,.341,3.1,5.7,.544,.531,2.1,3.5,.600,1.3,4.0,5.3,2.3,1.4,0.7,1.5,2.7,12.5
Eugene Omoruyi,SF,24,DAL,4,0,4.5,0.5,1.3,.400,0.3,0.5,.500,0.3,0.8,.333,.500,0.5,1.0,.500,0.5,1.3,1.8,0.5,0.0,0.0,0.0,0.5,1.8
Miye Oni,SG,24,UTA,10,0,3.0,0.1,0.5,.200,0.0,0.4,.000,0.1,0.1,1.000,.200,0.0,0.1,.000,0.0,0.4,0.4,0.3,0.0,0.0,0.1,0.4,0.2
Cedi Osman,SF,26,CLE,17,0,22.2,4.1,8.6,.469,2.5,5.9,.430,1.5,2.8,.553,.616,1.0,1.4,.708,0.4,2.5,2.9,1.6,0.7,0.2,0.8,1.6,11.6
Kelly Oubre Jr.,SF,26,CHO,24,5,27.3,5.7,12.6,.450,2.7,7.1,.376,3.0,5.5,.545,.556,1.3,1.9,.689,1.2,2.7,3.9,1.0,0.9,0.3,1.0,2.6,15.3
Kevin Pangos,PG,29,CLE,8,0,3.0,0.1,0.4,.333,0.1,0.3,.500,0.0,0.1,.000,.500,0.1,0.3,.500,0.1,0.0,0.1,0.4,0.1,0.0,0.4,0.3,0.5
Jabari Parker,PF,26,BOS,7,0,10.9,1.9,3.4,.542,0.7,1.3,.556,1.1,2.1,.533,.646,0.9,0.9,1.000,0.4,2.0,2.4,0.6,0.4,0.1,0.7,1.6,5.3
Eric Paschall,PF,25,UTA,19,0,12.1,1.3,3.0,.421,0.5,1.9,.278,0.7,1.1,.667,.509,0.6,0.9,.706,0.7,1.3,2.0,0.7,0.1,0.2,0.5,0.8,3.7
Chris Paul,PG,36,PHO,23,23,32.3,5.0,10.5,.479,1.0,3.0,.338,4.0,7.6,.534,.527,3.2,3.8,.841,0.3,3.7,4.0,10.1,2.0,0.3,2.4,2.0,14.3
Cameron Payne,PG,27,PHO,18,0,18.2,3.4,9.2,.376,1.1,3.5,.317,2.3,5.7,.412,.436,1.8,2.2,.825,0.4,2.4,2.8,2.9,0.6,0.3,1.7,1.7,9.8
Elfrid Payton,PG,27,PHO,9,0,11.6,2.0,4.2,.474,0.0,0.1,.000,2.0,4.1,.486,.474,0.4,0.9,.500,0.6,1.7,2.2,2.4,0.6,0.0,0.9,0.9,4.4
Gary Payton II,PG,29,GSW,21,1,14.7,2.8,4.0,.682,0.6,1.4,.400,2.2,2.6,.836,.753,0.9,1.4,.655,1.1,2.1,3.3,0.8,1.4,0.1,0.5,1.7,7.0
Jamorko Pickett,PF,24,DET,3,0,3.0,0.3,0.3,1.000,0.3,0.3,1.000,0.0,0.0,0,1.500,0.0,0.0,0,0.0,0.0,0.0,0.0,0.0,0.0,0.3,0.0,1.0
Mason Plumlee,C,31,CHO,20,20,26.2,3.0,5.0,.596,0.0,0.0,0,3.0,5.0,.596,.596,0.9,2.6,.346,2.6,4.7,7.3,2.8,0.9,1.0,1.2,3.0,6.8
Jakob Poeltl,C,26,SAS,13,12,28.8,5.9,9.5,.626,0.0,0.0,0,5.9,9.5,.626,.626,0.8,2.4,.323,4.5,4.8,9.3,2.0,0.6,1.5,1.4,2.7,12.6
Aleksej Pokusevski,PF,20,OKC,22,0,14.7,2.0,5.6,.347,0.5,2.5,.185,1.5,3.2,.471,.387,0.2,0.4,.625,1.0,3.0,4.0,1.3,0.4,0.5,1.2,1.2,4.6
Yves Pons,F,22,MEM,1,0,3.0,0.0,1.0,.000,0.0,0.0,0,0.0,1.0,.000,.000,0.0,0.0,0,1.0,0.0,1.0,0.0,0.0,0.0,0.0,0.0,0.0
Jordan Poole,SG,22,GSW,22,22,30.5,6.6,14.5,.455,2.8,8.1,.348,3.8,6.4,.589,.552,2.3,2.5,.911,0.3,2.8,3.0,3.4,1.1,0.2,2.6,3.0,18.3
Kevin Porter Jr.,PG,21,HOU,19,19,30.2,4.4,12.2,.358,1.8,5.8,.309,2.6,6.4,.402,.431,2.3,3.7,.629,0.8,3.6,4.4,5.8,1.3,0.3,4.0,2.3,12.8
Michael Porter Jr.,SF,23,DEN,9,9,29.4,4.1,11.4,.359,1.1,5.3,.208,3.0,6.1,.491,.408,0.6,1.0,.556,1.0,5.6,6.6,1.9,1.1,0.2,1.3,1.8,9.9
Otto Porter,PF,28,GSW,20,0,19.1,2.6,5.6,.464,1.7,4.0,.425,0.9,1.6,.563,.616,0.6,0.8,.750,0.8,4.0,4.8,1.1,0.9,0.4,0.7,1.4,7.5
Bobby Portis,C,26,MIL,18,14,27.9,5.7,12.1,.472,1.8,4.3,.423,3.9,7.8,.500,.548,1.8,2.2,.800,2.7,5.8,8.4,1.3,0.7,0.9,1.6,2.7,15.1
Kristaps Porziņģis,PF,26,DAL,15,15,30.3,7.1,15.5,.459,1.7,5.5,.301,5.5,10.0,.547,.513,3.7,4.3,.875,2.3,5.7,8.0,1.9,0.9,1.7,1.4,2.3,19.7
Dwight Powell,C,30,DAL,21,18,19.7,2.3,4.0,.590,0.3,0.8,.412,2.0,3.1,.636,.633,1.1,1.7,.657,2.0,2.5,4.5,1.0,0.6,0.6,0.7,2.4,6.1
Norman Powell,SF,28,POR,19,19,29.1,5.7,11.7,.489,2.0,4.5,.442,3.7,7.2,.518,.574,3.4,4.1,.831,0.4,2.2,2.5,1.5,0.9,0.4,1.1,1.9,16.8
Joshua Primo,SG,19,SAS,5,0,5.2,0.8,1.0,.800,0.6,0.8,.750,0.2,0.2,1.000,1.100,0.0,0.0,0,0.2,0.4,0.6,0.4,0.0,0.0,0.0,0.4,2.2
Taurean Prince,PF,27,MIN,21,5,15.2,1.4,4.0,.357,0.8,2.8,.276,0.7,1.2,.538,.452,0.6,0.8,.706,0.5,1.6,2.1,0.8,0.4,0.2,0.5,1.5,4.2
Payton Pritchard,SG,24,BOS,18,0,8.8,0.6,2.6,.213,0.4,1.7,.233,0.2,0.9,.176,.287,0.2,0.2,1.000,0.3,0.8,1.1,1.1,0.0,0.1,0.7,0.8,1.7
Immanuel Quickley,PG,22,NYK,22,1,20.8,3.2,8.0,.398,1.8,4.9,.364,1.4,3.1,.449,.509,1.5,1.7,.919,0.5,1.8,2.3,2.5,0.6,0.0,1.0,1.8,9.7
Jahmi'us Ramsey,SG,20,SAC,7,0,6.6,0.7,2.0,.357,0.1,0.9,.167,0.6,1.1,.500,.393,0.3,0.6,.500,0.0,0.0,0.0,0.3,0.0,0.1,0.0,0.4,1.9
Julius Randle,PF,27,NYK,22,22,35.4,7.3,16.9,.431,1.7,5.2,.325,5.6,11.7,.479,.481,3.7,5.0,.743,1.9,8.3,10.2,5.2,0.7,0.7,3.4,2.9,19.9
Austin Reaves,SG,23,LAL,13,0,19.0,1.8,3.9,.471,0.7,2.3,.300,1.2,1.6,.714,.559,0.7,0.8,.818,0.3,1.7,2.0,1.0,0.2,0.2,0.8,1.8,5.1
Cam Reddish,SF,22,ATL,21,0,22.5,4.0,9.6,.413,1.6,4.2,.382,2.3,5.3,.438,.498,2.0,2.2,.891,0.9,2.0,2.8,0.9,1.1,0.2,1.3,1.4,11.5
Paul Reed,C,22,PHI,14,2,9.8,1.3,2.5,.514,0.0,0.2,.000,1.3,2.3,.563,.514,0.0,0.0,0,1.1,1.6,2.7,0.6,0.6,0.6,0.4,1.5,2.6
Naz Reid,C,22,MIN,21,1,16.9,3.5,7.0,.493,0.9,2.4,.353,2.6,4.6,.567,.554,1.4,1.9,.725,1.4,2.2,3.6,0.8,0.5,1.0,0.8,2.6,9.2
Nick Richards,C,24,CHO,19,1,8.6,1.3,2.0,.658,0.0,0.0,0,1.3,2.0,.658,.658,0.6,0.7,.786,0.9,1.1,1.9,0.2,0.2,0.6,0.6,1.5,3.2
Josh Richardson,SG,28,BOS,17,0,24.9,3.5,7.5,.469,1.1,3.1,.340,2.5,4.4,.560,.539,1.3,1.5,.846,0.6,2.4,3.0,1.2,0.6,0.5,0.8,2.0,9.4
Austin Rivers,SG,29,DEN,18,3,17.4,1.5,4.3,.346,0.7,2.7,.271,0.8,1.7,.467,.429,0.2,0.3,.500,0.4,1.1,1.4,0.8,0.5,0.1,0.6,1.2,3.9
Duncan Robinson,SG,27,MIA,23,23,28.5,3.8,10.4,.363,2.9,8.9,.327,0.9,1.5,.571,.502,0.5,0.7,.733,0.3,3.2,3.5,1.4,0.8,0.3,0.8,3.0,11.0
Justin Robinson,PG,24,MIL,17,0,11.6,1.1,3.4,.316,0.6,2.2,.270,0.5,1.2,.400,.404,0.1,0.1,1.000,0.1,0.6,0.8,1.2,0.5,0.0,0.6,1.0,2.8
Mitchell Robinson,C,23,NYK,19,19,25.6,2.8,3.6,.783,0.0,0.0,0,2.8,3.6,.783,.783,1.3,2.2,.610,3.0,4.8,7.8,0.7,0.4,1.7,0.6,2.8,7.0
Jeremiah Robinson-Earl,C,21,OKC,22,15,22.1,2.7,6.4,.426,1.1,3.1,.348,1.6,3.3,.500,.511,0.5,0.8,.647,1.7,4.0,5.7,0.9,0.6,0.3,0.9,1.5,7.0
Isaiah Roby,PF,23,OKC,12,1,13.3,2.6,4.9,.525,0.4,1.3,.333,2.2,3.7,.591,.568,1.2,1.4,.824,1.0,1.8,2.8,0.8,0.3,0.4,0.7,1.3,6.8
Rajon Rondo,PG,35,LAL,14,0,14.9,1.4,4.5,.317,0.5,1.8,.280,0.9,2.7,.342,.373,0.0,0.0,0,0.6,1.9,2.4,3.6,0.8,0.2,1.6,1.4,3.4
Derrick Rose,PG,33,NYK,19,1,23.7,4.8,10.5,.457,1.5,3.6,.406,3.3,6.8,.485,.528,1.4,1.4,.963,0.7,2.2,2.8,3.8,0.9,0.6,1.4,0.7,12.4
Terrence Ross,SG,30,ORL,23,0,24.7,3.5,9.0,.388,1.3,4.5,.291,2.2,4.5,.485,.461,1.7,2.2,.800,0.2,1.8,2.0,2.0,0.5,0.2,1.5,1.2,10.0
Terry Rozier,SG,27,CHO,19,19,32.9,6.5,15.2,.429,2.6,7.4,.350,3.9,7.8,.503,.514,2.1,2.4,.870,0.6,2.9,3.5,3.6,1.3,0.5,1.4,1.4,17.7
Ricky Rubio,PG,31,CLE,23,5,29.2,4.5,12.6,.356,1.9,5.4,.352,2.6,7.1,.360,.433,2.7,3.1,.847,0.4,3.6,4.0,6.3,1.2,0.1,2.9,2.2,13.5
D'Angelo Russell,PG,25,MIN,21,21,32.7,6.6,17.2,.382,2.9,8.9,.323,3.7,8.3,.446,.465,3.0,3.6,.829,0.5,3.4,3.9,6.4,0.9,0.8,2.7,2.2,19.0
Domantas Sabonis,C,25,IND,25,24,34.0,6.7,11.8,.564,0.8,2.7,.284,5.9,9.2,.646,.596,3.2,4.4,.743,3.2,8.9,12.1,4.0,1.1,0.3,3.2,3.4,17.4
Tomáš Satoranský,SG,30,NOP,20,3,15.5,1.1,3.2,.328,0.2,0.7,.214,0.9,2.5,.360,.352,0.5,0.7,.714,0.6,1.5,2.1,2.2,0.4,0.0,0.7,1.4,2.8
Dennis Schröder,SG,28,BOS,22,13,33.4,6.3,14.5,.437,1.5,4.6,.333,4.8,9.8,.486,.491,3.1,3.5,.895,0.7,3.0,3.7,4.7,1.0,0.0,2.8,2.4,17.3
Jay Scrubb,SG,21,LAC,7,0,6.9,1.6,3.7,.423,0.6,1.7,.333,1.0,2.0,.500,.500,0.1,0.3,.500,0.0,0.6,0.6,0.6,0.1,0.3,0.1,0.4,3.9
Wayne Selden,SG,27,NYK,1,0,1.0,0.0,0.0,0,0.0,0.0,0,0.0,0.0,0,0,0.0,0.0,0,0.0,0.0,0.0,0.0,0.0,0.0,0.0,0.0,0.0
Alperen Şengün,C,19,HOU,21,2,18.0,2.9,5.8,.492,0.5,1.2,.400,2.4,4.6,.515,.533,2.4,3.5,.685,1.3,3.2,4.6,2.7,1.1,0.6,1.9,2.9,8.6
Collin Sexton,SG,23,CLE,11,11,28.7,6.2,13.7,.450,1.0,4.1,.244,5.2,9.6,.538,.487,2.6,3.5,.744,1.2,2.1,3.3,2.1,0.9,0.0,2.8,2.3,16.0
Landry Shamet,SG,24,PHO,22,2,19.5,2.5,6.4,.386,1.9,4.6,.406,0.6,1.8,.333,.532,0.9,1.0,.826,0.2,2.2,2.5,1.6,0.3,0.1,0.5,1.1,7.6
Day'Ron Sharpe,PF,20,BRK,8,0,4.5,1.1,2.1,.529,0.1,0.4,.333,1.0,1.8,.571,.559,0.3,0.6,.400,1.0,1.1,2.1,0.0,0.3,0.3,0.8,0.5,2.6
Pascal Siakam,PF,27,TOR,12,12,33.2,6.8,14.7,.466,1.3,3.9,.319,5.6,10.8,.519,.509,3.2,4.3,.745,2.0,5.2,7.2,3.8,0.8,0.9,2.3,3.5,18.1
Marko Simonovic,C,22,CHI,1,0,7.0,0.0,1.0,.000,0.0,1.0,.000,0.0,0.0,0,.000,1.0,2.0,.500,0.0,1.0,1.0,0.0,0.0,0.0,1.0,0.0,1.0
Anfernee Simons,SG,22,POR,22,3,23.0,4.5,9.9,.459,2.0,5.4,.381,2.5,4.5,.550,.562,0.8,0.9,.947,0.5,2.1,2.6,2.2,0.5,0.2,1.1,1.6,12.0
Jericho Sims,PF,23,NYK,8,0,6.8,0.4,0.4,1.000,0.0,0.0,0,0.4,0.4,1.000,1.000,0.4,0.5,.750,0.3,1.5,1.8,0.0,0.3,0.4,0.3,0.5,1.1
Marcus Smart,PG,27,BOS,22,22,34.9,3.9,9.9,.390,1.5,5.0,.303,2.4,5.0,.477,.466,1.9,2.5,.759,0.5,3.3,3.9,5.6,2.2,0.3,1.8,2.3,11.1
Dennis Smith Jr.,PG,24,POR,12,0,13.1,1.3,3.8,.348,0.3,1.0,.250,1.1,2.8,.382,.380,0.9,1.4,.647,0.3,1.4,1.7,2.7,1.3,0.3,1.3,1.2,3.8
Ish Smith,PG,33,CHO,17,0,12.5,1.9,4.8,.390,0.1,0.1,.500,1.8,4.7,.388,.396,0.2,0.5,.375,0.1,1.0,1.1,2.2,0.4,0.2,0.9,0.6,4.0
Jalen Smith,PF,21,PHO,7,0,5.1,1.0,2.0,.500,0.0,0.3,.000,1.0,1.7,.583,.500,0.9,1.0,.857,0.6,1.6,2.1,0.0,0.1,0.1,0.1,0.4,2.9
Tony Snell,SG,30,POR,17,2,11.1,0.6,2.1,.306,0.5,1.7,.310,0.1,0.4,.286,.431,0.1,0.1,1.000,0.1,1.2,1.3,0.5,0.2,0.1,0.2,0.9,1.9
Jaden Springer,SG,19,PHI,1,0,2.0,0.0,0.0,0,0.0,0.0,0,0.0,0.0,0,0,0.0,0.0,0,0.0,0.0,0.0,0.0,0.0,0.0,0.0,0.0,0.0
Lamar Stevens,PF,24,CLE,13,0,10.9,1.1,3.1,.350,0.3,0.8,.364,0.8,2.2,.345,.400,0.3,0.5,.571,0.7,0.8,1.5,0.3,0.2,0.3,0.3,1.3,2.8
Isaiah Stewart,C,20,DET,20,20,25.1,3.4,6.3,.544,0.1,0.6,.091,3.4,5.7,.588,.548,0.8,1.2,.696,2.5,5.5,8.0,1.1,0.4,1.2,1.1,2.5,7.7
Max Strus,SF,25,MIA,16,0,20.9,2.8,6.4,.431,1.8,4.7,.373,1.0,1.7,.593,.569,0.5,0.8,.615,0.3,3.0,3.3,0.9,0.4,0.1,0.6,1.5,7.8
Jalen Suggs,PG,20,ORL,21,21,27.8,4.1,12.2,.339,1.2,4.9,.255,2.9,7.4,.394,.389,2.8,3.6,.763,0.8,2.6,3.4,3.6,1.1,0.4,3.2,2.8,12.3
Jae'Sean Tate,SF,26,HOU,22,22,28.0,4.9,9.9,.498,0.7,2.7,.267,4.2,7.1,.586,.535,2.0,2.5,.782,2.2,4.5,6.6,2.5,0.8,0.7,1.9,3.2,12.5
Jayson Tatum,SF,23,BOS,23,23,36.7,8.8,21.9,.402,2.7,8.5,.311,6.1,13.3,.459,.462,4.7,5.7,.824,1.1,7.6,8.7,3.7,0.9,0.8,2.5,2.5,24.9
Garrett Temple,SG,35,NOP,23,8,18.5,1.9,4.8,.391,1.0,2.9,.364,0.8,1.9,.432,.500,0.8,1.0,.792,0.7,2.0,2.7,1.1,0.9,0.6,0.8,1.7,5.6
Daniel Theis,C,29,HOU,16,14,23.2,3.1,6.5,.481,0.9,2.9,.298,2.3,3.6,.632,.548,1.0,1.4,.727,1.1,3.9,4.9,0.8,0.4,0.6,1.3,2.5,8.1
Brodric Thomas,SG,25,BOS,2,0,1.0,0.0,0.0,0,0.0,0.0,0,0.0,0.0,0,0,0.0,0.0,0,0.5,0.0,0.5,0.0,0.0,0.0,0.5,0.0,0.0
Cameron Thomas,SG,20,BRK,15,0,9.7,1.3,3.7,.357,0.3,1.7,.192,1.0,2.0,.500,.402,0.6,0.9,.692,0.1,0.8,0.9,0.7,0.3,0.2,0.3,0.4,3.6
Matt Thomas,SG,27,CHI,7,0,4.3,0.6,2.3,.250,0.1,1.0,.143,0.4,1.3,.333,.281,0.0,0.0,0,0.0,0.3,0.3,0.0,0.1,0.1,0.0,0.1,1.3
Tristan Thompson,PF,30,SAC,15,0,14.1,2.3,4.5,.507,0.0,0.0,0,2.3,4.5,.507,.507,1.0,2.0,.500,2.4,3.2,5.6,0.7,0.3,0.4,0.7,1.7,5.5
JT Thor,PF,19,CHO,2,0,1.0,0.0,0.0,0,0.0,0.0,0,0.0,0.0,0,0,0.0,0.0,0,0.0,0.0,0.0,0.0,0.0,0.0,0.0,0.0,0.0
Matisse Thybulle,SG,24,PHI,16,5,25.5,2.4,4.8,.513,0.7,2.3,.297,1.8,2.4,.718,.586,0.4,0.4,1.000,0.5,2.1,2.6,1.1,2.0,1.4,1.1,2.1,5.9
Killian Tillie,C,23,MEM,8,0,8.5,1.0,2.9,.348,0.5,1.6,.308,0.5,1.3,.400,.435,0.1,0.3,.500,0.6,0.4,1.0,0.3,0.5,0.6,0.3,1.0,2.6
Xavier Tillman Sr.,PF,23,MEM,15,0,13.5,1.8,4.3,.422,0.3,1.3,.200,1.5,2.9,.523,.453,0.7,0.9,.714,1.1,1.8,2.9,1.4,1.1,0.3,0.5,0.9,4.5
Isaiah Todd,PF,20,WAS,3,0,2.3,0.7,1.7,.400,0.7,1.0,.667,0.0,0.7,.000,.600,0.3,0.7,.500,0.0,0.3,0.3,0.0,0.3,0.3,0.0,0.0,2.3
Obi Toppin,PF,23,NYK,22,0,15.3,3.2,5.9,.543,0.3,1.5,.176,2.9,4.3,.674,.566,1.5,2.0,.750,1.0,2.5,3.5,1.0,0.4,0.7,1.0,1.6,8.1
Juan Toscano-Anderson,SF,28,GSW,21,1,15.9,2.0,3.6,.547,0.4,1.4,.310,1.5,2.2,.696,.607,0.6,0.8,.813,0.5,2.2,2.7,2.2,0.7,0.4,1.1,1.4,5.0
Karl-Anthony Towns,C,26,MIN,22,22,34.3,8.5,16.8,.508,2.6,5.9,.442,6.0,11.0,.544,.585,4.3,5.2,.817,2.9,6.2,9.0,3.1,1.1,1.0,3.5,3.6,24.0
Gary Trent Jr.,SG,23,TOR,21,20,34.4,6.2,14.8,.419,2.6,7.2,.362,3.6,7.5,.475,.508,1.9,2.0,.929,0.5,2.8,3.3,1.7,2.0,0.4,1.0,2.1,16.9
P.J. Tucker,PF,36,MIA,23,23,27.9,2.7,5.3,.504,1.1,2.5,.439,1.6,2.8,.563,.607,0.4,0.5,.818,1.7,4.0,5.7,1.7,0.7,0.3,0.7,2.4,6.8
Myles Turner,C,25,IND,24,24,29.0,4.6,8.8,.529,1.9,4.6,.405,2.8,4.1,.667,.636,1.8,2.5,.700,1.6,5.9,7.5,1.0,0.6,2.8,1.3,2.5,12.9
Jonas Valančiūnas,C,29,NOP,25,25,31.0,7.0,13.9,.507,1.2,2.6,.469,5.8,11.3,.516,.550,3.3,3.9,.847,3.3,8.8,12.1,2.4,0.6,0.8,2.1,3.2,18.6
Denzel Valentine,SG,28,CLE,15,0,6.5,0.7,2.4,.278,0.5,1.5,.304,0.2,0.9,.231,.375,0.0,0.0,0,0.4,0.7,1.1,0.2,0.3,0.0,0.4,0.6,1.8
Jarred Vanderbilt,PF,22,MIN,22,15,22.6,2.4,4.4,.536,0.0,0.3,.000,2.4,4.1,.571,.536,1.1,1.3,.828,3.1,5.1,8.2,1.2,1.3,0.8,1.1,3.0,5.8
Fred VanVleet,PG,27,TOR,22,22,38.3,7.2,16.2,.445,3.2,8.1,.393,4.0,8.1,.497,.543,2.6,3.0,.866,0.8,4.4,5.2,6.2,1.5,0.6,3.2,2.6,20.3
Devin Vassell,SF,21,SAS,18,0,25.0,4.4,9.5,.468,1.8,4.7,.388,2.6,4.8,.547,.564,0.9,1.2,.727,0.5,3.2,3.7,1.4,1.2,0.7,0.7,2.0,11.6
Gabe Vincent,PG,25,MIA,20,1,16.4,2.4,5.3,.443,1.3,3.2,.391,1.1,2.1,.524,.561,0.5,0.6,.833,0.5,1.0,1.5,2.0,0.6,0.1,1.1,1.9,6.5
Nikola Vučević,C,31,CHI,16,16,33.1,6.3,14.5,.431,1.6,4.5,.361,4.6,10.0,.463,.487,1.1,1.8,.643,1.8,9.1,10.9,4.1,1.0,1.1,1.7,2.4,15.3
Dean Wade,PF,25,CLE,16,11,22.4,1.8,4.5,.403,0.9,2.9,.298,0.9,1.6,.600,.500,0.3,0.4,.833,0.8,2.5,3.3,1.3,0.7,0.1,0.3,2.0,4.8
Franz Wagner,SF,20,ORL,24,24,31.7,5.2,12.0,.436,1.4,3.9,.366,3.8,8.1,.469,.495,1.8,2.2,.792,1.3,3.0,4.3,2.6,1.1,0.5,1.2,2.5,13.6
Moritz Wagner,C,24,ORL,22,0,11.3,2.0,4.4,.458,1.0,2.8,.371,1.0,1.5,.618,.578,1.1,1.5,.735,0.5,2.0,2.4,0.6,0.1,0.2,0.8,1.8,6.2
Ish Wainright,F,27,PHO,5,0,4.2,0.2,1.0,.200,0.0,0.4,.000,0.2,0.6,.333,.200,0.0,0.4,.000,0.2,0.2,0.4,0.4,0.4,0.0,0.2,1.2,0.4
Kemba Walker,PG,31,NYK,18,18,24.5,4.2,9.8,.429,2.1,5.1,.413,2.1,4.7,.447,.537,1.1,1.4,.800,0.1,2.4,2.6,3.1,1.1,0.3,1.3,1.1,11.7
Lonnie Walker,SG,23,SAS,20,3,22.3,3.7,10.0,.367,1.5,5.2,.279,2.2,4.8,.463,.440,1.1,1.4,.815,0.1,2.9,3.0,2.6,0.7,0.4,1.3,1.4,9.9
Brad Wanamaker,PG,32,IND,13,0,12.2,1.1,3.2,.333,0.3,1.0,.308,0.8,2.2,.345,.381,1.2,1.3,.882,0.3,1.4,1.7,2.2,0.2,0.4,1.1,1.7,3.6
Duane Washington Jr.,PG,21,IND,2,0,2.0,1.0,1.5,.667,0.5,1.0,.500,0.5,0.5,1.000,.833,0.0,0.0,0,0.0,0.5,0.5,0.0,0.0,0.0,0.0,0.0,2.5
P.J. Washington,PF,23,CHO,12,3,23.4,3.7,7.5,.489,1.9,4.0,.479,1.8,3.5,.500,.617,1.0,1.3,.750,1.2,3.5,4.7,1.8,0.7,1.0,1.4,1.7,10.3
Yuta Watanabe,SF,27,TOR,4,0,16.5,1.8,5.0,.350,1.5,3.8,.400,0.3,1.3,.200,.500,0.8,1.5,.500,1.3,1.8,3.0,0.5,0.8,0.5,0.3,2.0,5.8
Trendon Watford,F,21,POR,4,0,4.8,0.8,2.0,.375,0.0,0.0,0,0.8,2.0,.375,.375,0.0,0.3,.000,0.0,0.5,0.5,0.8,0.3,0.3,0.3,0.0,1.5
Paul Watson,SF,27,OKC,3,0,23.7,0.7,4.7,.143,0.7,4.0,.167,0.0,0.7,.000,.214,0.3,0.7,.500,0.7,3.0,3.7,1.0,0.0,1.0,0.7,1.3,2.3
Russell Westbrook,PG,33,LAL,24,24,36.2,7.5,16.9,.446,1.4,4.3,.320,6.2,12.6,.488,.486,3.8,5.5,.684,1.3,6.6,8.0,8.6,1.3,0.2,4.6,3.2,20.3
Coby White,PG,21,CHI,9,1,17.6,2.4,7.0,.349,0.8,3.4,.226,1.7,3.6,.469,.405,0.4,0.8,.571,0.1,2.4,2.6,1.3,0.1,0.1,0.9,1.7,6.1
Derrick White,SG,27,SAS,20,20,31.2,4.5,11.5,.393,1.6,5.1,.304,3.0,6.4,.465,.461,1.6,1.9,.816,0.6,3.0,3.6,5.2,1.2,1.0,1.5,2.2,12.1
Hassan Whiteside,C,32,UTA,22,0,15.3,2.7,4.6,.584,0.0,0.0,0,2.7,4.6,.584,.584,1.4,2.0,.698,2.0,4.4,6.4,0.3,0.2,1.3,1.0,3.0,6.7
Joe Wieskamp,G,22,SAS,2,0,2.5,0.5,0.5,1.000,0.5,0.5,1.000,0.0,0.0,0,1.500,0.0,0.0,0,0.0,0.0,0.0,0.0,0.0,0.0,0.0,0.0,1.5
Aaron Wiggins,G,23,OKC,9,1,14.4,0.9,2.0,.444,0.7,1.8,.375,0.2,0.2,1.000,.611,0.4,0.8,.571,0.1,1.4,1.6,1.1,0.3,0.1,0.8,1.7,2.9
Andrew Wiggins,SF,26,GSW,22,22,30.3,7.0,14.3,.490,1.9,5.1,.375,5.1,9.2,.554,.557,2.7,3.7,.728,1.1,3.4,4.5,1.6,0.8,0.5,1.7,1.7,18.6
Grant Williams,PF,23,BOS,23,8,21.5,2.5,4.9,.518,1.5,3.3,.442,1.0,1.5,.686,.670,0.8,0.9,.905,0.6,2.7,3.3,1.2,0.3,0.5,0.6,1.9,7.3
Kenrich Williams,SF,27,OKC,19,0,20.2,2.6,5.8,.450,0.7,2.1,.333,1.9,3.8,.514,.509,0.8,1.5,.571,1.1,2.5,3.5,1.7,0.7,0.2,0.8,1.7,6.8
Lou Williams,PG,35,ATL,18,0,13.2,2.4,6.2,.387,0.7,1.8,.375,1.7,4.4,.392,.441,1.2,1.3,.875,0.3,1.2,1.5,1.4,0.5,0.1,0.9,0.8,6.6
Patrick Williams,PF,20,CHI,5,5,25.0,2.6,4.6,.565,0.6,1.2,.500,2.0,3.4,.588,.630,0.8,0.8,1.000,0.2,2.0,2.2,0.6,0.6,0.4,0.4,1.8,6.6
Robert Williams,C,24,BOS,16,16,28.9,4.2,5.6,.744,0.0,0.0,0,4.2,5.6,.744,.744,1.0,1.6,.640,3.8,5.3,9.0,1.2,0.8,1.8,1.1,1.4,9.4
Ziaire Williams,SF,20,MEM,18,0,18.6,1.9,5.4,.357,0.9,3.6,.246,1.1,1.8,.576,.439,0.2,0.3,.667,0.3,1.3,1.6,0.7,0.4,0.3,0.6,1.8,5.0
Dylan Windler,SF,25,CLE,17,0,10.8,1.0,2.2,.459,0.6,1.4,.417,0.4,0.8,.538,.595,0.2,0.2,.750,0.4,1.4,1.8,1.1,0.2,0.1,0.5,1.1,2.8
Justise Winslow,SF,25,LAC,16,0,8.1,0.9,2.5,.375,0.1,0.5,.125,0.9,2.0,.438,.388,0.1,0.3,.500,0.5,1.7,2.2,1.1,0.4,0.3,0.9,0.7,2.1
Christian Wood,C,26,HOU,22,22,31.7,6.2,13.4,.461,1.5,4.5,.340,4.6,8.9,.523,.519,2.3,3.9,.581,1.8,9.5,11.3,2.3,0.5,1.0,1.8,2.3,16.2
Robert Woodard,SF,22,SAC,1,0,3.0,0.0,0.0,0,0.0,0.0,0,0.0,0.0,0,0,0.0,0.0,0,0.0,0.0,0.0,0.0,0.0,0.0,0.0,0.0,0.0
Delon Wright,SG,29,ATL,21,0,13.8,1.0,2.8,.373,0.3,0.9,.333,0.8,2.0,.390,.424,0.6,0.8,.765,0.9,2.0,2.9,2.0,0.7,0.1,0.5,0.4,3.0
McKinley Wright IV,PG,23,MIN,1,0,4.0,1.0,1.0,1.000,1.0,1.0,1.000,0.0,0.0,0,1.500,0.0,0.0,0,0.0,0.0,0.0,0.0,0.0,0.0,1.0,0.0,3.0
Thaddeus Young,PF,33,SAS,17,0,15.6,3.5,5.8,.602,0.0,0.1,.000,3.5,5.6,.615,.602,0.4,0.9,.438,1.6,2.0,3.6,2.8,1.1,0.4,1.2,1.5,7.4
Trae Young,PG,23,ATL,23,23,34.0,9.2,20.0,.461,2.7,6.8,.389,6.6,13.2,.498,.527,5.1,5.7,.894,0.7,3.2,3.8,9.1,0.9,0.1,3.8,1.8,26.2
Omer Yurtseven,C,23,MIA,14,0,4.3,1.1,1.9,.577,0.0,0.1,.000,1.1,1.8,.600,.577,0.2,0.3,.750,0.4,0.9,1.2,0.1,0.0,0.3,0.3,0.4,2.4
Cody Zeller,C,29,POR,22,0,13.0,1.7,2.8,.607,0.0,0.2,.000,1.7,2.6,.649,.607,1.5,2.0,.756,1.6,2.5,4.2,0.8,0.3,0.2,0.7,2.2,4.9
Ivica Zubac,C,24,LAC,23,23,24.3,3.8,5.7,.669,0.0,0.0,0,3.8,5.7,.669,.669,2.6,3.3,.779,2.5,5.6,8.1,1.2,0.4,0.8,1.1,1.9,10.2
